INFO 2025-06-10 09:43:16,730 autoreload 9608 13820 Watching for file changes with StatReloader
INFO 2025-06-10 09:43:40,562 views 9608 8224 Admin 'rafco' viendo todos los libros.
ERROR 2025-06-10 09:43:40,721 log 9608 8224 Internal Server Error: /
Traceback (most recent call last):
  File "C:\Users\rafco\Desktop\portal_libros_seguro\venv\Lib\site-packages\django\template\backends\django.py", line 107, in render
    return self.template.render(context)
           ~~~~~~~~~~~~~~~~~~~~^^^^^^^^^
  File "C:\Users\rafco\Desktop\portal_libros_seguro\venv\Lib\site-packages\django\template\base.py", line 171, in render
    return self._render(context)
           ~~~~~~~~~~~~^^^^^^^^^
  File "C:\Users\rafco\Desktop\portal_libros_seguro\venv\Lib\site-packages\django\template\base.py", line 163, in _render
    return self.nodelist.render(context)
           ~~~~~~~~~~~~~~~~~~~~^^^^^^^^^
  File "C:\Users\rafco\Desktop\portal_libros_seguro\venv\Lib\site-packages\django\template\base.py", line 1016, in render
    return SafeString("".join([node.render_annotated(context) for node in self]))
                               ~~~~~~~~~~~~~~~~~~~~~^^^^^^^^^
  File "C:\Users\rafco\Desktop\portal_libros_seguro\venv\Lib\site-packages\django\template\base.py", line 977, in render_annotated
    return self.render(context)
           ~~~~~~~~~~~^^^^^^^^^
  File "C:\Users\rafco\Desktop\portal_libros_seguro\venv\Lib\site-packages\django\template\loader_tags.py", line 134, in render
    compiled_parent = self.get_parent(context)
  File "C:\Users\rafco\Desktop\portal_libros_seguro\venv\Lib\site-packages\django\template\loader_tags.py", line 131, in get_parent
    return self.find_template(parent, context)
           ~~~~~~~~~~~~~~~~~~^^^^^^^^^^^^^^^^^
  File "C:\Users\rafco\Desktop\portal_libros_seguro\venv\Lib\site-packages\django\template\loader_tags.py", line 109, in find_template
    template, origin = context.template.engine.find_template(
                       ~~~~~~~~~~~~~~~~~~~~~~~~~~~~~~~~~~~~~^
        template_name,
        ^^^^^^^^^^^^^^
        skip=history,
        ^^^^^^^^^^^^^
    )
    ^
  File "C:\Users\rafco\Desktop\portal_libros_seguro\venv\Lib\site-packages\django\template\engine.py", line 163, in find_template
    raise TemplateDoesNotExist(name, tried=tried)
django.template.exceptions.TemplateDoesNotExist: base.html

The above exception was the direct cause of the following exception:

Traceback (most recent call last):
  File "C:\Users\rafco\Desktop\portal_libros_seguro\venv\Lib\site-packages\django\core\handlers\exception.py", line 55, in inner
    response = get_response(request)
  File "C:\Users\rafco\Desktop\portal_libros_seguro\venv\Lib\site-packages\django\core\handlers\base.py", line 220, in _get_response
    response = response.render()
  File "C:\Users\rafco\Desktop\portal_libros_seguro\venv\Lib\site-packages\django\template\response.py", line 114, in render
    self.content = self.rendered_content
                   ^^^^^^^^^^^^^^^^^^^^^
  File "C:\Users\rafco\Desktop\portal_libros_seguro\venv\Lib\site-packages\django\template\response.py", line 92, in rendered_content
    return template.render(context, self._request)
           ~~~~~~~~~~~~~~~^^^^^^^^^^^^^^^^^^^^^^^^
  File "C:\Users\rafco\Desktop\portal_libros_seguro\venv\Lib\site-packages\django\template\backends\django.py", line 109, in render
    reraise(exc, self.backend)
    ~~~~~~~^^^^^^^^^^^^^^^^^^^
  File "C:\Users\rafco\Desktop\portal_libros_seguro\venv\Lib\site-packages\django\template\backends\django.py", line 130, in reraise
    raise new from exc
django.template.exceptions.TemplateDoesNotExist: base.html
ERROR 2025-06-10 09:43:40,730 basehttp 9608 8224 "GET / HTTP/1.1" 500 127800
INFO 2025-06-10 09:43:54,413 basehttp 9608 8224 "GET /admin/ HTTP/1.1" 200 7759
INFO 2025-06-10 09:43:54,433 basehttp 9608 8224 "GET /static/admin/css/base.css HTTP/1.1" 304 0
INFO 2025-06-10 09:43:54,446 basehttp 9608 8224 "GET /static/admin/css/dark_mode.css HTTP/1.1" 304 0
INFO 2025-06-10 09:43:54,448 basehttp 9608 4792 "GET /static/admin/js/theme.js HTTP/1.1" 304 0
INFO 2025-06-10 09:43:54,452 basehttp 9608 12836 "GET /static/admin/css/nav_sidebar.css HTTP/1.1" 304 0
INFO 2025-06-10 09:43:54,455 basehttp 9608 1584 "GET /static/admin/css/dashboard.css HTTP/1.1" 304 0
INFO 2025-06-10 09:43:54,457 basehttp 9608 11740 "GET /static/admin/css/responsive.css HTTP/1.1" 304 0
INFO 2025-06-10 09:43:54,458 basehttp 9608 12836 "GET /static/admin/js/nav_sidebar.js HTTP/1.1" 304 0
INFO 2025-06-10 09:43:54,467 basehttp 9608 12836 "GET /static/admin/img/icon-addlink.svg HTTP/1.1" 304 0
INFO 2025-06-10 09:43:54,467 basehttp 9608 11740 "GET /static/admin/img/icon-changelink.svg HTTP/1.1" 304 0
INFO 2025-06-10 09:44:00,345 basehttp 9608 11740 "GET /admin/libros/libro/add/ HTTP/1.1" 200 16509
INFO 2025-06-10 09:44:00,439 basehttp 9608 12836 "GET /admin/jsi18n/ HTTP/1.1" 200 3342
INFO 2025-06-10 09:44:00,744 basehttp 9608 11740 "GET /static/admin/css/forms.css HTTP/1.1" 200 8525
INFO 2025-06-10 09:44:00,759 basehttp 9608 8224 "GET /static/admin/js/jquery.init.js HTTP/1.1" 200 347
INFO 2025-06-10 09:44:00,778 basehttp 9608 4792 "GET /static/admin/js/calendar.js HTTP/1.1" 200 9141
INFO 2025-06-10 09:44:00,780 basehttp 9608 10868 "GET /static/admin/js/admin/DateTimeShortcuts.js HTTP/1.1" 200 19319
INFO 2025-06-10 09:44:00,787 basehttp 9608 8224 "GET /static/admin/css/widgets.css HTTP/1.1" 200 11991
INFO 2025-06-10 09:44:00,795 basehttp 9608 12836 "GET /static/admin/js/core.js HTTP/1.1" 200 6208
INFO 2025-06-10 09:44:00,832 basehttp 9608 10868 "GET /static/admin/js/urlify.js HTTP/1.1" 200 7887
INFO 2025-06-10 09:44:00,834 basehttp 9608 11740 "GET /static/admin/js/admin/RelatedObjectLookups.js HTTP/1.1" 200 9777
INFO 2025-06-10 09:44:00,839 basehttp 9608 8224 "GET /static/admin/js/prepopulate.js HTTP/1.1" 200 1531
INFO 2025-06-10 09:44:00,842 basehttp 9608 4792 "GET /static/admin/js/actions.js HTTP/1.1" 200 8076
INFO 2025-06-10 09:44:00,861 basehttp 9608 10868 "GET /static/admin/js/prepopulate_init.js HTTP/1.1" 200 586
INFO 2025-06-10 09:44:00,864 basehttp 9608 1584 "GET /static/admin/js/vendor/jquery/jquery.js HTTP/1.1" 200 285314
INFO 2025-06-10 09:44:00,896 basehttp 9608 1584 "GET /static/admin/img/icon-deletelink.svg HTTP/1.1" 200 392
INFO 2025-06-10 09:44:00,914 basehttp 9608 1584 "GET /static/admin/img/icon-viewlink.svg HTTP/1.1" 200 581
INFO 2025-06-10 09:44:00,933 basehttp 9608 1584 "GET /static/admin/js/change_form.js HTTP/1.1" 200 606
INFO 2025-06-10 09:44:00,977 basehttp 9608 12836 "GET /static/admin/js/vendor/xregexp/xregexp.js HTTP/1.1" 200 325171
INFO 2025-06-10 09:44:01,061 basehttp 9608 12836 "GET /static/admin/img/icon-calendar.svg HTTP/1.1" 200 1086
INFO 2025-06-10 09:44:26,378 basehttp 9608 12836 "GET /admin/auth/user/1/change/?_to_field=id&_popup=1 HTTP/1.1" 200 17994
INFO 2025-06-10 09:44:26,411 basehttp 9608 12836 "GET /admin/jsi18n/ HTTP/1.1" 200 3342
INFO 2025-06-10 09:44:26,446 basehttp 9608 1584 "GET /static/admin/js/SelectBox.js HTTP/1.1" 200 4530
INFO 2025-06-10 09:44:26,447 basehttp 9608 10868 "GET /static/admin/js/SelectFilter2.js HTTP/1.1" 200 15845
INFO 2025-06-10 09:44:26,528 basehttp 9608 1584 "GET /static/admin/img/search.svg HTTP/1.1" 200 458
INFO 2025-06-10 09:44:26,533 basehttp 9608 10868 "GET /static/admin/img/selector-icons.svg HTTP/1.1" 200 3291
INFO 2025-06-10 09:44:26,538 basehttp 9608 12836 "GET /static/admin/img/icon-clock.svg HTTP/1.1" 200 677
INFO 2025-06-10 09:44:31,109 basehttp 9608 12836 "POST /admin/libros/libro/add/ HTTP/1.1" 302 0
INFO 2025-06-10 09:44:31,259 basehttp 9608 12836 "GET /admin/libros/libro/ HTTP/1.1" 200 13634
INFO 2025-06-10 09:44:31,303 basehttp 9608 1584 "GET /admin/jsi18n/ HTTP/1.1" 200 3342
INFO 2025-06-10 09:44:31,307 basehttp 9608 12836 "GET /static/admin/css/changelists.css HTTP/1.1" 200 6878
INFO 2025-06-10 09:44:31,317 basehttp 9608 10868 "GET /static/admin/img/icon-yes.svg HTTP/1.1" 200 436
INFO 2025-06-10 09:44:31,339 basehttp 9608 12836 "GET /static/admin/js/filters.js HTTP/1.1" 200 978
INFO 2025-06-10 09:44:31,352 basehttp 9608 10868 "GET /static/admin/img/tooltag-add.svg HTTP/1.1" 200 331
INFO 2025-06-10 09:44:31,357 basehttp 9608 1584 "GET /static/admin/img/sorting-icons.svg HTTP/1.1" 200 1097
INFO 2025-06-10 09:54:04,721 basehttp 9608 13572 "GET /admin/libros/ HTTP/1.1" 200 6065
INFO 2025-06-10 09:54:04,738 basehttp 9608 13572 "GET /static/admin/css/base.css HTTP/1.1" 304 0
INFO 2025-06-10 09:54:04,750 basehttp 9608 13572 "GET /static/admin/css/dark_mode.css HTTP/1.1" 304 0
INFO 2025-06-10 09:54:04,752 basehttp 9608 13868 "GET /static/admin/css/nav_sidebar.css HTTP/1.1" 304 0
INFO 2025-06-10 09:54:04,754 basehttp 9608 7716 "GET /static/admin/css/responsive.css HTTP/1.1" 304 0
INFO 2025-06-10 09:54:04,754 basehttp 9608 5608 "GET /static/admin/js/theme.js HTTP/1.1" 304 0
INFO 2025-06-10 09:54:04,754 basehttp 9608 10348 "GET /static/admin/css/dashboard.css HTTP/1.1" 304 0
INFO 2025-06-10 09:54:04,759 basehttp 9608 10348 "GET /static/admin/js/nav_sidebar.js HTTP/1.1" 304 0
INFO 2025-06-10 09:54:07,595 basehttp 9608 10348 "GET /admin/libros/ HTTP/1.1" 200 6065
INFO 2025-06-10 09:54:08,271 basehttp 9608 10348 "GET /admin/libros/comentario/ HTTP/1.1" 200 10268
INFO 2025-06-10 09:54:08,290 basehttp 9608 10348 "GET /static/admin/css/changelists.css HTTP/1.1" 304 0
INFO 2025-06-10 09:54:08,303 basehttp 9608 7716 "GET /static/admin/js/jquery.init.js HTTP/1.1" 304 0
INFO 2025-06-10 09:54:08,305 basehttp 9608 13868 "GET /static/admin/js/core.js HTTP/1.1" 304 0
INFO 2025-06-10 09:54:08,307 basehttp 9608 5608 "GET /static/admin/js/vendor/jquery/jquery.js HTTP/1.1" 304 0
INFO 2025-06-10 09:54:08,308 basehttp 9608 13572 "GET /static/admin/js/admin/RelatedObjectLookups.js HTTP/1.1" 304 0
INFO 2025-06-10 09:54:08,309 basehttp 9608 7716 "GET /static/admin/js/urlify.js HTTP/1.1" 304 0
INFO 2025-06-10 09:54:08,312 basehttp 9608 3220 "GET /static/admin/js/actions.js HTTP/1.1" 304 0
INFO 2025-06-10 09:54:08,314 basehttp 9608 13868 "GET /static/admin/js/prepopulate.js HTTP/1.1" 304 0
INFO 2025-06-10 09:54:08,317 basehttp 9608 5608 "GET /static/admin/js/vendor/xregexp/xregexp.js HTTP/1.1" 304 0
INFO 2025-06-10 09:54:08,317 basehttp 9608 7716 "GET /static/admin/img/search.svg HTTP/1.1" 304 0
INFO 2025-06-10 09:54:08,322 basehttp 9608 10348 "GET /admin/jsi18n/ HTTP/1.1" 200 3342
INFO 2025-06-10 09:54:08,322 basehttp 9608 7716 "GET /static/admin/js/filters.js HTTP/1.1" 304 0
INFO 2025-06-10 09:54:12,474 basehttp 9608 10348 "GET /admin/libros/comentario/add/ HTTP/1.1" 200 12876
INFO 2025-06-10 09:54:12,497 basehttp 9608 5608 "GET /static/admin/js/prepopulate_init.js HTTP/1.1" 304 0
INFO 2025-06-10 09:54:12,497 basehttp 9608 10348 "GET /static/admin/css/forms.css HTTP/1.1" 304 0
INFO 2025-06-10 09:54:12,502 basehttp 9608 7716 "GET /admin/jsi18n/ HTTP/1.1" 200 3342
INFO 2025-06-10 09:54:12,505 basehttp 9608 10348 "GET /static/admin/img/icon-changelink.svg HTTP/1.1" 304 0
INFO 2025-06-10 09:54:12,507 basehttp 9608 7716 "GET /static/admin/css/widgets.css HTTP/1.1" 304 0
INFO 2025-06-10 09:54:12,512 basehttp 9608 7716 "GET /static/admin/img/icon-addlink.svg HTTP/1.1" 304 0
INFO 2025-06-10 09:54:12,515 basehttp 9608 7716 "GET /static/admin/img/icon-viewlink.svg HTTP/1.1" 304 0
INFO 2025-06-10 09:54:12,524 basehttp 9608 7716 "GET /static/admin/js/change_form.js HTTP/1.1" 304 0
INFO 2025-06-10 09:54:21,808 basehttp 9608 7716 "GET /admin/libros/comentario/ HTTP/1.1" 200 10268
INFO 2025-06-10 09:54:21,834 basehttp 9608 7716 "GET /admin/jsi18n/ HTTP/1.1" 200 3342
INFO 2025-06-10 09:54:23,092 basehttp 9608 7716 "GET /admin/libros/ HTTP/1.1" 200 6065
INFO 2025-06-10 09:54:26,015 basehttp 9608 7716 "GET /admin/ HTTP/1.1" 200 8129
INFO 2025-06-10 09:54:33,565 basehttp 9608 7716 "GET /admin/libros/libro/1/change/ HTTP/1.1" 200 16798
INFO 2025-06-10 09:54:33,589 basehttp 9608 7716 "GET /admin/jsi18n/ HTTP/1.1" 200 3342
INFO 2025-06-10 09:54:33,594 basehttp 9608 10348 "GET /static/admin/js/calendar.js HTTP/1.1" 304 0
INFO 2025-06-10 09:54:33,594 basehttp 9608 5608 "GET /static/admin/js/admin/DateTimeShortcuts.js HTTP/1.1" 304 0
INFO 2025-06-10 09:54:33,603 basehttp 9608 5608 "GET /static/admin/img/icon-deletelink.svg HTTP/1.1" 304 0
INFO 2025-06-10 09:54:33,628 basehttp 9608 5608 "GET /static/admin/img/icon-calendar.svg HTTP/1.1" 304 0
INFO 2025-06-10 09:54:38,973 basehttp 9608 5608 "GET /admin/libros/libro/ HTTP/1.1" 200 13443
INFO 2025-06-10 09:54:38,999 basehttp 9608 5608 "GET /admin/jsi18n/ HTTP/1.1" 200 3342
INFO 2025-06-10 09:54:39,003 basehttp 9608 10348 "GET /static/admin/img/icon-yes.svg HTTP/1.1" 304 0
INFO 2025-06-10 09:54:40,850 basehttp 9608 10348 "GET /admin/libros/libro/1/change/ HTTP/1.1" 200 16798
INFO 2025-06-10 09:54:40,874 basehttp 9608 10348 "GET /admin/jsi18n/ HTTP/1.1" 200 3342
INFO 2025-06-10 09:55:06,749 basehttp 9608 10348 "POST /admin/libros/libro/1/change/ HTTP/1.1" 302 0
INFO 2025-06-10 09:55:06,776 basehttp 9608 10348 "GET /admin/libros/libro/ HTTP/1.1" 200 13636
INFO 2025-06-10 09:55:06,812 basehttp 9608 10348 "GET /admin/jsi18n/ HTTP/1.1" 200 3342
INFO 2025-06-10 10:10:22,350 basehttp 9608 1688 "GET /admin/libros/libro/1/change/ HTTP/1.1" 200 17400
INFO 2025-06-10 10:10:22,369 basehttp 9608 1688 "GET /static/admin/css/base.css HTTP/1.1" 304 0
INFO 2025-06-10 10:10:22,379 basehttp 9608 5924 "GET /static/admin/js/theme.js HTTP/1.1" 304 0
INFO 2025-06-10 10:10:22,380 basehttp 9608 1688 "GET /static/admin/css/dark_mode.css HTTP/1.1" 304 0
INFO 2025-06-10 10:10:22,391 basehttp 9608 11784 "GET /static/admin/css/nav_sidebar.css HTTP/1.1" 304 0
INFO 2025-06-10 10:10:22,391 basehttp 9608 5116 "GET /static/admin/css/forms.css HTTP/1.1" 304 0
INFO 2025-06-10 10:10:22,392 basehttp 9608 1688 "GET /static/admin/js/calendar.js HTTP/1.1" 304 0
INFO 2025-06-10 10:10:22,392 basehttp 9608 5924 "GET /static/admin/css/responsive.css HTTP/1.1" 304 0
INFO 2025-06-10 10:10:22,394 basehttp 9608 6840 "GET /static/admin/js/vendor/jquery/jquery.js HTTP/1.1" 304 0
INFO 2025-06-10 10:10:22,401 basehttp 9608 1688 "GET /static/admin/js/admin/RelatedObjectLookups.js HTTP/1.1" 304 0
INFO 2025-06-10 10:10:22,401 basehttp 9608 5116 "GET /static/admin/js/admin/DateTimeShortcuts.js HTTP/1.1" 304 0
INFO 2025-06-10 10:10:22,401 basehttp 9608 5924 "GET /static/admin/js/core.js HTTP/1.1" 304 0
INFO 2025-06-10 10:10:22,402 basehttp 9608 6840 "GET /static/admin/js/actions.js HTTP/1.1" 304 0
INFO 2025-06-10 10:10:22,402 basehttp 9608 11784 "GET /static/admin/js/jquery.init.js HTTP/1.1" 304 0
INFO 2025-06-10 10:10:22,413 basehttp 9608 1688 "GET /static/admin/js/urlify.js HTTP/1.1" 304 0
INFO 2025-06-10 10:10:22,417 basehttp 9608 5116 "GET /static/admin/js/prepopulate.js HTTP/1.1" 304 0
INFO 2025-06-10 10:10:22,419 basehttp 9608 5924 "GET /static/admin/css/widgets.css HTTP/1.1" 304 0
INFO 2025-06-10 10:10:22,419 basehttp 9608 11784 "GET /static/admin/js/prepopulate_init.js HTTP/1.1" 304 0
INFO 2025-06-10 10:10:22,420 basehttp 9608 6840 "GET /static/admin/js/vendor/xregexp/xregexp.js HTTP/1.1" 304 0
INFO 2025-06-10 10:10:22,420 basehttp 9608 12152 "GET /admin/jsi18n/ HTTP/1.1" 200 3342
INFO 2025-06-10 10:10:22,428 basehttp 9608 11784 "GET /static/admin/img/icon-changelink.svg HTTP/1.1" 304 0
INFO 2025-06-10 10:10:22,429 basehttp 9608 12152 "GET /static/admin/js/nav_sidebar.js HTTP/1.1" 304 0
INFO 2025-06-10 10:10:22,477 basehttp 9608 11784 "GET /static/admin/img/icon-deletelink.svg HTTP/1.1" 304 0
INFO 2025-06-10 10:10:22,477 basehttp 9608 12152 "GET /static/admin/img/icon-addlink.svg HTTP/1.1" 304 0
INFO 2025-06-10 10:10:22,477 basehttp 9608 5924 "GET /static/admin/js/change_form.js HTTP/1.1" 304 0
INFO 2025-06-10 10:10:22,478 basehttp 9608 6840 "GET /static/admin/img/icon-viewlink.svg HTTP/1.1" 304 0
INFO 2025-06-10 10:10:22,508 basehttp 9608 6840 "GET /static/admin/img/icon-calendar.svg HTTP/1.1" 304 0
INFO 2025-06-10 10:10:28,016 basehttp 9608 6840 "GET /admin/auth/user/1/change/?_to_field=id HTTP/1.1" 200 23378
INFO 2025-06-10 10:10:28,046 basehttp 9608 12152 "GET /static/admin/js/SelectFilter2.js HTTP/1.1" 304 0
INFO 2025-06-10 10:10:28,048 basehttp 9608 5924 "GET /static/admin/js/SelectBox.js HTTP/1.1" 304 0
INFO 2025-06-10 10:10:28,053 basehttp 9608 6840 "GET /admin/jsi18n/ HTTP/1.1" 200 3342
INFO 2025-06-10 10:10:28,102 basehttp 9608 6840 "GET /static/admin/img/search.svg HTTP/1.1" 304 0
INFO 2025-06-10 10:10:28,104 basehttp 9608 5924 "GET /static/admin/img/selector-icons.svg HTTP/1.1" 304 0
INFO 2025-06-10 10:10:28,105 basehttp 9608 12152 "GET /static/admin/img/icon-clock.svg HTTP/1.1" 304 0
INFO 2025-06-10 10:10:32,895 basehttp 9608 12152 "GET /admin/auth/user/1/history/ HTTP/1.1" 200 7614
INFO 2025-06-10 10:10:36,466 basehttp 9608 12152 "GET /admin/auth/ HTTP/1.1" 200 6117
INFO 2025-06-10 10:10:36,491 basehttp 9608 12152 "GET /static/admin/css/dashboard.css HTTP/1.1" 304 0
INFO 2025-06-10 10:10:37,688 basehttp 9608 12152 "GET /admin/ HTTP/1.1" 200 8471
INFO 2025-06-10 10:10:42,072 basehttp 9608 12152 "GET /admin/libros/libro/ HTTP/1.1" 200 13443
INFO 2025-06-10 10:10:42,095 basehttp 9608 12152 "GET /static/admin/css/changelists.css HTTP/1.1" 304 0
INFO 2025-06-10 10:10:42,095 basehttp 9608 6840 "GET /static/admin/img/icon-yes.svg HTTP/1.1" 304 0
INFO 2025-06-10 10:10:42,101 basehttp 9608 5924 "GET /admin/jsi18n/ HTTP/1.1" 200 3342
INFO 2025-06-10 10:10:42,106 basehttp 9608 6840 "GET /static/admin/js/filters.js HTTP/1.1" 304 0
INFO 2025-06-10 10:10:42,123 basehttp 9608 6840 "GET /static/admin/img/tooltag-add.svg HTTP/1.1" 304 0
INFO 2025-06-10 10:10:42,123 basehttp 9608 5924 "GET /static/admin/img/sorting-icons.svg HTTP/1.1" 304 0
INFO 2025-06-10 10:10:45,599 basehttp 9608 5924 "GET /admin/libros/libro/?o=6.-5 HTTP/1.1" 200 14054
INFO 2025-06-10 10:10:45,628 basehttp 9608 5924 "GET /admin/jsi18n/ HTTP/1.1" 200 3342
INFO 2025-06-10 10:11:00,917 basehttp 9608 5924 "GET /admin/libros/libro/?fecha_carga__year=2025&o=6.-5 HTTP/1.1" 200 14544
INFO 2025-06-10 10:11:00,945 basehttp 9608 5924 "GET /admin/jsi18n/ HTTP/1.1" 200 3342
INFO 2025-06-10 10:11:01,947 basehttp 9608 5924 "GET /admin/libros/libro/?o=6.-5 HTTP/1.1" 200 14054
INFO 2025-06-10 10:11:01,973 basehttp 9608 5924 "GET /admin/jsi18n/ HTTP/1.1" 200 3342
INFO 2025-06-10 10:11:02,682 basehttp 9608 5924 "GET /admin/libros/libro/?fecha_carga__year=2025&o=6.-5 HTTP/1.1" 200 14544
INFO 2025-06-10 10:11:02,708 basehttp 9608 5924 "GET /admin/jsi18n/ HTTP/1.1" 200 3342
INFO 2025-06-10 10:11:04,300 basehttp 9608 5924 "GET /admin/libros/libro/?o=6.-5 HTTP/1.1" 200 14054
INFO 2025-06-10 10:11:04,329 basehttp 9608 5924 "GET /admin/jsi18n/ HTTP/1.1" 200 3342
INFO 2025-06-10 10:11:13,632 basehttp 9608 5924 "POST /admin/libros/libro/?o=6.-5 HTTP/1.1" 302 0
INFO 2025-06-10 10:11:13,659 basehttp 9608 5924 "GET /admin/libros/libro/?o=6.-5 HTTP/1.1" 200 14247
INFO 2025-06-10 10:11:13,689 basehttp 9608 5924 "GET /admin/jsi18n/ HTTP/1.1" 200 3342
INFO 2025-06-10 10:11:13,733 basehttp 9608 5924 "GET /static/admin/img/icon-alert.svg HTTP/1.1" 200 504
INFO 2025-06-10 10:11:19,046 basehttp 9608 5924 "POST /admin/libros/libro/?o=6.-5 HTTP/1.1" 200 8772
INFO 2025-06-10 10:11:19,108 basehttp 9608 5924 "GET /static/admin/js/cancel.js HTTP/1.1" 200 884
INFO 2025-06-10 10:11:22,941 basehttp 9608 5924 "GET /admin/libros/libro/?o=6.-5 HTTP/1.1" 200 14054
INFO 2025-06-10 10:11:55,167 basehttp 9608 5924 "POST /admin/logout/ HTTP/1.1" 302 0
INFO 2025-06-10 10:11:55,170 views 9608 5924 Usuario no autenticado o no-admin viendo libros públicos.
ERROR 2025-06-10 10:11:55,236 log 9608 5924 Internal Server Error: /
Traceback (most recent call last):
  File "C:\Users\rafco\Desktop\portal_libros_seguro\venv\Lib\site-packages\django\template\backends\django.py", line 107, in render
    return self.template.render(context)
           ~~~~~~~~~~~~~~~~~~~~^^^^^^^^^
  File "C:\Users\rafco\Desktop\portal_libros_seguro\venv\Lib\site-packages\django\template\base.py", line 171, in render
    return self._render(context)
           ~~~~~~~~~~~~^^^^^^^^^
  File "C:\Users\rafco\Desktop\portal_libros_seguro\venv\Lib\site-packages\django\template\base.py", line 163, in _render
    return self.nodelist.render(context)
           ~~~~~~~~~~~~~~~~~~~~^^^^^^^^^
  File "C:\Users\rafco\Desktop\portal_libros_seguro\venv\Lib\site-packages\django\template\base.py", line 1016, in render
    return SafeString("".join([node.render_annotated(context) for node in self]))
                               ~~~~~~~~~~~~~~~~~~~~~^^^^^^^^^
  File "C:\Users\rafco\Desktop\portal_libros_seguro\venv\Lib\site-packages\django\template\base.py", line 977, in render_annotated
    return self.render(context)
           ~~~~~~~~~~~^^^^^^^^^
  File "C:\Users\rafco\Desktop\portal_libros_seguro\venv\Lib\site-packages\django\template\loader_tags.py", line 134, in render
    compiled_parent = self.get_parent(context)
  File "C:\Users\rafco\Desktop\portal_libros_seguro\venv\Lib\site-packages\django\template\loader_tags.py", line 131, in get_parent
    return self.find_template(parent, context)
           ~~~~~~~~~~~~~~~~~~^^^^^^^^^^^^^^^^^
  File "C:\Users\rafco\Desktop\portal_libros_seguro\venv\Lib\site-packages\django\template\loader_tags.py", line 109, in find_template
    template, origin = context.template.engine.find_template(
                       ~~~~~~~~~~~~~~~~~~~~~~~~~~~~~~~~~~~~~^
        template_name,
        ^^^^^^^^^^^^^^
        skip=history,
        ^^^^^^^^^^^^^
    )
    ^
  File "C:\Users\rafco\Desktop\portal_libros_seguro\venv\Lib\site-packages\django\template\engine.py", line 163, in find_template
    raise TemplateDoesNotExist(name, tried=tried)
django.template.exceptions.TemplateDoesNotExist: base.html

The above exception was the direct cause of the following exception:

Traceback (most recent call last):
  File "C:\Users\rafco\Desktop\portal_libros_seguro\venv\Lib\site-packages\django\core\handlers\exception.py", line 55, in inner
    response = get_response(request)
  File "C:\Users\rafco\Desktop\portal_libros_seguro\venv\Lib\site-packages\django\core\handlers\base.py", line 220, in _get_response
    response = response.render()
  File "C:\Users\rafco\Desktop\portal_libros_seguro\venv\Lib\site-packages\django\template\response.py", line 114, in render
    self.content = self.rendered_content
                   ^^^^^^^^^^^^^^^^^^^^^
  File "C:\Users\rafco\Desktop\portal_libros_seguro\venv\Lib\site-packages\django\template\response.py", line 92, in rendered_content
    return template.render(context, self._request)
           ~~~~~~~~~~~~~~~^^^^^^^^^^^^^^^^^^^^^^^^
  File "C:\Users\rafco\Desktop\portal_libros_seguro\venv\Lib\site-packages\django\template\backends\django.py", line 109, in render
    reraise(exc, self.backend)
    ~~~~~~~^^^^^^^^^^^^^^^^^^^
  File "C:\Users\rafco\Desktop\portal_libros_seguro\venv\Lib\site-packages\django\template\backends\django.py", line 130, in reraise
    raise new from exc
django.template.exceptions.TemplateDoesNotExist: base.html
ERROR 2025-06-10 10:11:55,240 basehttp 9608 5924 "GET / HTTP/1.1" 500 128293
INFO 2025-06-10 10:12:04,150 basehttp 9608 5924 "GET /admin/libros/libro/?o=6.-5 HTTP/1.1" 302 0
INFO 2025-06-10 10:12:04,171 basehttp 9608 5924 "GET /admin/login/?next=/admin/libros/libro/%3Fo%3D6.-5 HTTP/1.1" 200 4217
INFO 2025-06-10 10:12:12,444 basehttp 9608 5924 "POST /admin/login/?next=/admin/libros/libro/%3Fo%3D6.-5 HTTP/1.1" 302 0
INFO 2025-06-10 10:12:12,472 basehttp 9608 5924 "GET /admin/libros/libro/?o=6.-5 HTTP/1.1" 200 14054
INFO 2025-06-10 10:12:12,504 basehttp 9608 5924 "GET /admin/jsi18n/ HTTP/1.1" 200 3342
INFO 2025-06-10 10:12:21,677 views 9608 5924 Admin 'rafco' viendo todos los libros.
ERROR 2025-06-10 10:12:21,738 log 9608 5924 Internal Server Error: /
Traceback (most recent call last):
  File "C:\Users\rafco\Desktop\portal_libros_seguro\venv\Lib\site-packages\django\template\backends\django.py", line 107, in render
    return self.template.render(context)
           ~~~~~~~~~~~~~~~~~~~~^^^^^^^^^
  File "C:\Users\rafco\Desktop\portal_libros_seguro\venv\Lib\site-packages\django\template\base.py", line 171, in render
    return self._render(context)
           ~~~~~~~~~~~~^^^^^^^^^
  File "C:\Users\rafco\Desktop\portal_libros_seguro\venv\Lib\site-packages\django\template\base.py", line 163, in _render
    return self.nodelist.render(context)
           ~~~~~~~~~~~~~~~~~~~~^^^^^^^^^
  File "C:\Users\rafco\Desktop\portal_libros_seguro\venv\Lib\site-packages\django\template\base.py", line 1016, in render
    return SafeString("".join([node.render_annotated(context) for node in self]))
                               ~~~~~~~~~~~~~~~~~~~~~^^^^^^^^^
  File "C:\Users\rafco\Desktop\portal_libros_seguro\venv\Lib\site-packages\django\template\base.py", line 977, in render_annotated
    return self.render(context)
           ~~~~~~~~~~~^^^^^^^^^
  File "C:\Users\rafco\Desktop\portal_libros_seguro\venv\Lib\site-packages\django\template\loader_tags.py", line 134, in render
    compiled_parent = self.get_parent(context)
  File "C:\Users\rafco\Desktop\portal_libros_seguro\venv\Lib\site-packages\django\template\loader_tags.py", line 131, in get_parent
    return self.find_template(parent, context)
           ~~~~~~~~~~~~~~~~~~^^^^^^^^^^^^^^^^^
  File "C:\Users\rafco\Desktop\portal_libros_seguro\venv\Lib\site-packages\django\template\loader_tags.py", line 109, in find_template
    template, origin = context.template.engine.find_template(
                       ~~~~~~~~~~~~~~~~~~~~~~~~~~~~~~~~~~~~~^
        template_name,
        ^^^^^^^^^^^^^^
        skip=history,
        ^^^^^^^^^^^^^
    )
    ^
  File "C:\Users\rafco\Desktop\portal_libros_seguro\venv\Lib\site-packages\django\template\engine.py", line 163, in find_template
    raise TemplateDoesNotExist(name, tried=tried)
django.template.exceptions.TemplateDoesNotExist: base.html

The above exception was the direct cause of the following exception:

Traceback (most recent call last):
  File "C:\Users\rafco\Desktop\portal_libros_seguro\venv\Lib\site-packages\django\core\handlers\exception.py", line 55, in inner
    response = get_response(request)
  File "C:\Users\rafco\Desktop\portal_libros_seguro\venv\Lib\site-packages\django\core\handlers\base.py", line 220, in _get_response
    response = response.render()
  File "C:\Users\rafco\Desktop\portal_libros_seguro\venv\Lib\site-packages\django\template\response.py", line 114, in render
    self.content = self.rendered_content
                   ^^^^^^^^^^^^^^^^^^^^^
  File "C:\Users\rafco\Desktop\portal_libros_seguro\venv\Lib\site-packages\django\template\response.py", line 92, in rendered_content
    return template.render(context, self._request)
           ~~~~~~~~~~~~~~~^^^^^^^^^^^^^^^^^^^^^^^^
  File "C:\Users\rafco\Desktop\portal_libros_seguro\venv\Lib\site-packages\django\template\backends\django.py", line 109, in render
    reraise(exc, self.backend)
    ~~~~~~~^^^^^^^^^^^^^^^^^^^
  File "C:\Users\rafco\Desktop\portal_libros_seguro\venv\Lib\site-packages\django\template\backends\django.py", line 130, in reraise
    raise new from exc
django.template.exceptions.TemplateDoesNotExist: base.html
ERROR 2025-06-10 10:12:21,745 basehttp 9608 5924 "GET / HTTP/1.1" 500 128120
INFO 2025-06-10 10:18:37,376 autoreload 9608 13820 C:\Users\rafco\Desktop\portal_libros_seguro\libros\views.py changed, reloading.
INFO 2025-06-10 10:18:38,859 autoreload 13560 11740 Watching for file changes with StatReloader
INFO 2025-06-10 10:18:40,322 autoreload 13560 11740 C:\Users\rafco\Desktop\portal_libros_seguro\libros\views.py changed, reloading.
INFO 2025-06-10 10:18:41,239 autoreload 11256 2444 Watching for file changes with StatReloader
INFO 2025-06-10 10:18:44,032 views 11256 5452 Admin 'rafco' viendo todos los libros.
ERROR 2025-06-10 10:18:44,124 log 11256 5452 Internal Server Error: /
Traceback (most recent call last):
  File "C:\Users\rafco\Desktop\portal_libros_seguro\venv\Lib\site-packages\django\core\handlers\exception.py", line 55, in inner
    response = get_response(request)
  File "C:\Users\rafco\Desktop\portal_libros_seguro\venv\Lib\site-packages\django\core\handlers\base.py", line 220, in _get_response
    response = response.render()
  File "C:\Users\rafco\Desktop\portal_libros_seguro\venv\Lib\site-packages\django\template\response.py", line 114, in render
    self.content = self.rendered_content
                   ^^^^^^^^^^^^^^^^^^^^^
  File "C:\Users\rafco\Desktop\portal_libros_seguro\venv\Lib\site-packages\django\template\response.py", line 90, in rendered_content
    template = self.resolve_template(self.template_name)
  File "C:\Users\rafco\Desktop\portal_libros_seguro\venv\Lib\site-packages\django\template\response.py", line 72, in resolve_template
    return select_template(template, using=self.using)
  File "C:\Users\rafco\Desktop\portal_libros_seguro\venv\Lib\site-packages\django\template\loader.py", line 47, in select_template
    raise TemplateDoesNotExist(", ".join(template_name_list), chain=chain)
django.template.exceptions.TemplateDoesNotExist: templates/libros/lista_libros.html, libros/libro_list.html
ERROR 2025-06-10 10:18:44,127 basehttp 11256 5452 "GET / HTTP/1.1" 500 85250
INFO 2025-06-10 10:18:44,814 views 11256 5452 Admin 'rafco' viendo todos los libros.
ERROR 2025-06-10 10:18:44,842 log 11256 5452 Internal Server Error: /
Traceback (most recent call last):
  File "C:\Users\rafco\Desktop\portal_libros_seguro\venv\Lib\site-packages\django\core\handlers\exception.py", line 55, in inner
    response = get_response(request)
  File "C:\Users\rafco\Desktop\portal_libros_seguro\venv\Lib\site-packages\django\core\handlers\base.py", line 220, in _get_response
    response = response.render()
  File "C:\Users\rafco\Desktop\portal_libros_seguro\venv\Lib\site-packages\django\template\response.py", line 114, in render
    self.content = self.rendered_content
                   ^^^^^^^^^^^^^^^^^^^^^
  File "C:\Users\rafco\Desktop\portal_libros_seguro\venv\Lib\site-packages\django\template\response.py", line 90, in rendered_content
    template = self.resolve_template(self.template_name)
  File "C:\Users\rafco\Desktop\portal_libros_seguro\venv\Lib\site-packages\django\template\response.py", line 72, in resolve_template
    return select_template(template, using=self.using)
  File "C:\Users\rafco\Desktop\portal_libros_seguro\venv\Lib\site-packages\django\template\loader.py", line 47, in select_template
    raise TemplateDoesNotExist(", ".join(template_name_list), chain=chain)
django.template.exceptions.TemplateDoesNotExist: templates/libros/lista_libros.html, libros/libro_list.html
ERROR 2025-06-10 10:18:44,844 basehttp 11256 5452 "GET / HTTP/1.1" 500 85250
INFO 2025-06-10 10:18:45,503 views 11256 5452 Admin 'rafco' viendo todos los libros.
ERROR 2025-06-10 10:18:45,529 log 11256 5452 Internal Server Error: /
Traceback (most recent call last):
  File "C:\Users\rafco\Desktop\portal_libros_seguro\venv\Lib\site-packages\django\core\handlers\exception.py", line 55, in inner
    response = get_response(request)
  File "C:\Users\rafco\Desktop\portal_libros_seguro\venv\Lib\site-packages\django\core\handlers\base.py", line 220, in _get_response
    response = response.render()
  File "C:\Users\rafco\Desktop\portal_libros_seguro\venv\Lib\site-packages\django\template\response.py", line 114, in render
    self.content = self.rendered_content
                   ^^^^^^^^^^^^^^^^^^^^^
  File "C:\Users\rafco\Desktop\portal_libros_seguro\venv\Lib\site-packages\django\template\response.py", line 90, in rendered_content
    template = self.resolve_template(self.template_name)
  File "C:\Users\rafco\Desktop\portal_libros_seguro\venv\Lib\site-packages\django\template\response.py", line 72, in resolve_template
    return select_template(template, using=self.using)
  File "C:\Users\rafco\Desktop\portal_libros_seguro\venv\Lib\site-packages\django\template\loader.py", line 47, in select_template
    raise TemplateDoesNotExist(", ".join(template_name_list), chain=chain)
django.template.exceptions.TemplateDoesNotExist: templates/libros/lista_libros.html, libros/libro_list.html
ERROR 2025-06-10 10:18:45,531 basehttp 11256 5452 "GET / HTTP/1.1" 500 85250
INFO 2025-06-10 10:18:59,465 autoreload 11256 2444 C:\Users\rafco\Desktop\portal_libros_seguro\libros\views.py changed, reloading.
INFO 2025-06-10 10:19:00,983 autoreload 12304 2288 Watching for file changes with StatReloader
INFO 2025-06-10 10:20:01,133 views 12304 14236 Admin 'rafco' viendo todos los libros.
ERROR 2025-06-10 10:20:01,225 log 12304 14236 Internal Server Error: /
Traceback (most recent call last):
  File "C:\Users\rafco\Desktop\portal_libros_seguro\venv\Lib\site-packages\django\template\backends\django.py", line 107, in render
    return self.template.render(context)
           ~~~~~~~~~~~~~~~~~~~~^^^^^^^^^
  File "C:\Users\rafco\Desktop\portal_libros_seguro\venv\Lib\site-packages\django\template\base.py", line 171, in render
    return self._render(context)
           ~~~~~~~~~~~~^^^^^^^^^
  File "C:\Users\rafco\Desktop\portal_libros_seguro\venv\Lib\site-packages\django\template\base.py", line 163, in _render
    return self.nodelist.render(context)
           ~~~~~~~~~~~~~~~~~~~~^^^^^^^^^
  File "C:\Users\rafco\Desktop\portal_libros_seguro\venv\Lib\site-packages\django\template\base.py", line 1016, in render
    return SafeString("".join([node.render_annotated(context) for node in self]))
                               ~~~~~~~~~~~~~~~~~~~~~^^^^^^^^^
  File "C:\Users\rafco\Desktop\portal_libros_seguro\venv\Lib\site-packages\django\template\base.py", line 977, in render_annotated
    return self.render(context)
           ~~~~~~~~~~~^^^^^^^^^
  File "C:\Users\rafco\Desktop\portal_libros_seguro\venv\Lib\site-packages\django\template\loader_tags.py", line 134, in render
    compiled_parent = self.get_parent(context)
  File "C:\Users\rafco\Desktop\portal_libros_seguro\venv\Lib\site-packages\django\template\loader_tags.py", line 131, in get_parent
    return self.find_template(parent, context)
           ~~~~~~~~~~~~~~~~~~^^^^^^^^^^^^^^^^^
  File "C:\Users\rafco\Desktop\portal_libros_seguro\venv\Lib\site-packages\django\template\loader_tags.py", line 109, in find_template
    template, origin = context.template.engine.find_template(
                       ~~~~~~~~~~~~~~~~~~~~~~~~~~~~~~~~~~~~~^
        template_name,
        ^^^^^^^^^^^^^^
        skip=history,
        ^^^^^^^^^^^^^
    )
    ^
  File "C:\Users\rafco\Desktop\portal_libros_seguro\venv\Lib\site-packages\django\template\engine.py", line 163, in find_template
    raise TemplateDoesNotExist(name, tried=tried)
django.template.exceptions.TemplateDoesNotExist: base.html

The above exception was the direct cause of the following exception:

Traceback (most recent call last):
  File "C:\Users\rafco\Desktop\portal_libros_seguro\venv\Lib\site-packages\django\core\handlers\exception.py", line 55, in inner
    response = get_response(request)
  File "C:\Users\rafco\Desktop\portal_libros_seguro\venv\Lib\site-packages\django\core\handlers\base.py", line 220, in _get_response
    response = response.render()
  File "C:\Users\rafco\Desktop\portal_libros_seguro\venv\Lib\site-packages\django\template\response.py", line 114, in render
    self.content = self.rendered_content
                   ^^^^^^^^^^^^^^^^^^^^^
  File "C:\Users\rafco\Desktop\portal_libros_seguro\venv\Lib\site-packages\django\template\response.py", line 92, in rendered_content
    return template.render(context, self._request)
           ~~~~~~~~~~~~~~~^^^^^^^^^^^^^^^^^^^^^^^^
  File "C:\Users\rafco\Desktop\portal_libros_seguro\venv\Lib\site-packages\django\template\backends\django.py", line 109, in render
    reraise(exc, self.backend)
    ~~~~~~~^^^^^^^^^^^^^^^^^^^
  File "C:\Users\rafco\Desktop\portal_libros_seguro\venv\Lib\site-packages\django\template\backends\django.py", line 130, in reraise
    raise new from exc
django.template.exceptions.TemplateDoesNotExist: base.html
ERROR 2025-06-10 10:20:01,230 basehttp 12304 14236 "GET / HTTP/1.1" 500 128257
INFO 2025-06-10 10:20:02,229 views 12304 14236 Admin 'rafco' viendo todos los libros.
ERROR 2025-06-10 10:20:02,287 log 12304 14236 Internal Server Error: /
Traceback (most recent call last):
  File "C:\Users\rafco\Desktop\portal_libros_seguro\venv\Lib\site-packages\django\template\backends\django.py", line 107, in render
    return self.template.render(context)
           ~~~~~~~~~~~~~~~~~~~~^^^^^^^^^
  File "C:\Users\rafco\Desktop\portal_libros_seguro\venv\Lib\site-packages\django\template\base.py", line 171, in render
    return self._render(context)
           ~~~~~~~~~~~~^^^^^^^^^
  File "C:\Users\rafco\Desktop\portal_libros_seguro\venv\Lib\site-packages\django\template\base.py", line 163, in _render
    return self.nodelist.render(context)
           ~~~~~~~~~~~~~~~~~~~~^^^^^^^^^
  File "C:\Users\rafco\Desktop\portal_libros_seguro\venv\Lib\site-packages\django\template\base.py", line 1016, in render
    return SafeString("".join([node.render_annotated(context) for node in self]))
                               ~~~~~~~~~~~~~~~~~~~~~^^^^^^^^^
  File "C:\Users\rafco\Desktop\portal_libros_seguro\venv\Lib\site-packages\django\template\base.py", line 977, in render_annotated
    return self.render(context)
           ~~~~~~~~~~~^^^^^^^^^
  File "C:\Users\rafco\Desktop\portal_libros_seguro\venv\Lib\site-packages\django\template\loader_tags.py", line 134, in render
    compiled_parent = self.get_parent(context)
  File "C:\Users\rafco\Desktop\portal_libros_seguro\venv\Lib\site-packages\django\template\loader_tags.py", line 131, in get_parent
    return self.find_template(parent, context)
           ~~~~~~~~~~~~~~~~~~^^^^^^^^^^^^^^^^^
  File "C:\Users\rafco\Desktop\portal_libros_seguro\venv\Lib\site-packages\django\template\loader_tags.py", line 109, in find_template
    template, origin = context.template.engine.find_template(
                       ~~~~~~~~~~~~~~~~~~~~~~~~~~~~~~~~~~~~~^
        template_name,
        ^^^^^^^^^^^^^^
        skip=history,
        ^^^^^^^^^^^^^
    )
    ^
  File "C:\Users\rafco\Desktop\portal_libros_seguro\venv\Lib\site-packages\django\template\engine.py", line 163, in find_template
    raise TemplateDoesNotExist(name, tried=tried)
django.template.exceptions.TemplateDoesNotExist: base.html

The above exception was the direct cause of the following exception:

Traceback (most recent call last):
  File "C:\Users\rafco\Desktop\portal_libros_seguro\venv\Lib\site-packages\django\core\handlers\exception.py", line 55, in inner
    response = get_response(request)
  File "C:\Users\rafco\Desktop\portal_libros_seguro\venv\Lib\site-packages\django\core\handlers\base.py", line 220, in _get_response
    response = response.render()
  File "C:\Users\rafco\Desktop\portal_libros_seguro\venv\Lib\site-packages\django\template\response.py", line 114, in render
    self.content = self.rendered_content
                   ^^^^^^^^^^^^^^^^^^^^^
  File "C:\Users\rafco\Desktop\portal_libros_seguro\venv\Lib\site-packages\django\template\response.py", line 92, in rendered_content
    return template.render(context, self._request)
           ~~~~~~~~~~~~~~~^^^^^^^^^^^^^^^^^^^^^^^^
  File "C:\Users\rafco\Desktop\portal_libros_seguro\venv\Lib\site-packages\django\template\backends\django.py", line 109, in render
    reraise(exc, self.backend)
    ~~~~~~~^^^^^^^^^^^^^^^^^^^
  File "C:\Users\rafco\Desktop\portal_libros_seguro\venv\Lib\site-packages\django\template\backends\django.py", line 130, in reraise
    raise new from exc
django.template.exceptions.TemplateDoesNotExist: base.html
ERROR 2025-06-10 10:20:02,291 basehttp 12304 14236 "GET / HTTP/1.1" 500 128257
INFO 2025-06-10 10:21:08,167 views 12304 14236 Admin 'rafco' viendo todos los libros.
INFO 2025-06-10 10:21:08,202 basehttp 12304 14236 "GET / HTTP/1.1" 200 977
INFO 2025-06-10 10:21:08,315 basehttp 12304 14236 "GET /media/portadas/como_funciona_RNN_-_P%C3%A1gina_1.png HTTP/1.1" 200 48444
INFO 2025-06-10 10:21:19,088 views 12304 14236 Mostrando detalle del libro 'a'.
ERROR 2025-06-10 10:21:19,174 log 12304 14236 Internal Server Error: /libro/1/
Traceback (most recent call last):
  File "C:\Users\rafco\Desktop\portal_libros_seguro\venv\Lib\site-packages\django\template\smartif.py", line 180, in translate_token
    op = OPERATORS[token]
         ~~~~~~~~~^^^^^^^
KeyError: '(user'

During handling of the above exception, another exception occurred:

Traceback (most recent call last):
  File "C:\Users\rafco\Desktop\portal_libros_seguro\venv\Lib\site-packages\django\core\handlers\exception.py", line 55, in inner
    response = get_response(request)
  File "C:\Users\rafco\Desktop\portal_libros_seguro\venv\Lib\site-packages\django\core\handlers\base.py", line 220, in _get_response
    response = response.render()
  File "C:\Users\rafco\Desktop\portal_libros_seguro\venv\Lib\site-packages\django\template\response.py", line 114, in render
    self.content = self.rendered_content
                   ^^^^^^^^^^^^^^^^^^^^^
  File "C:\Users\rafco\Desktop\portal_libros_seguro\venv\Lib\site-packages\django\template\response.py", line 90, in rendered_content
    template = self.resolve_template(self.template_name)
  File "C:\Users\rafco\Desktop\portal_libros_seguro\venv\Lib\site-packages\django\template\response.py", line 72, in resolve_template
    return select_template(template, using=self.using)
  File "C:\Users\rafco\Desktop\portal_libros_seguro\venv\Lib\site-packages\django\template\loader.py", line 42, in select_template
    return engine.get_template(template_name)
           ~~~~~~~~~~~~~~~~~~~^^^^^^^^^^^^^^^
  File "C:\Users\rafco\Desktop\portal_libros_seguro\venv\Lib\site-packages\django\template\backends\django.py", line 79, in get_template
    return Template(self.engine.get_template(template_name), self)
                    ~~~~~~~~~~~~~~~~~~~~~~~~^^^^^^^^^^^^^^^
  File "C:\Users\rafco\Desktop\portal_libros_seguro\venv\Lib\site-packages\django\template\engine.py", line 177, in get_template
    template, origin = self.find_template(template_name)
                       ~~~~~~~~~~~~~~~~~~^^^^^^^^^^^^^^^
  File "C:\Users\rafco\Desktop\portal_libros_seguro\venv\Lib\site-packages\django\template\engine.py", line 159, in find_template
    template = loader.get_template(name, skip=skip)
  File "C:\Users\rafco\Desktop\portal_libros_seguro\venv\Lib\site-packages\django\template\loaders\cached.py", line 57, in get_template
    template = super().get_template(template_name, skip)
  File "C:\Users\rafco\Desktop\portal_libros_seguro\venv\Lib\site-packages\django\template\loaders\base.py", line 28, in get_template
    return Template(
        contents,
    ...<2 lines>...
        self.engine,
    )
  File "C:\Users\rafco\Desktop\portal_libros_seguro\venv\Lib\site-packages\django\template\base.py", line 154, in __init__
    self.nodelist = self.compile_nodelist()
                    ~~~~~~~~~~~~~~~~~~~~~^^
  File "C:\Users\rafco\Desktop\portal_libros_seguro\venv\Lib\site-packages\django\template\base.py", line 196, in compile_nodelist
    nodelist = parser.parse()
  File "C:\Users\rafco\Desktop\portal_libros_seguro\venv\Lib\site-packages\django\template\base.py", line 518, in parse
    raise self.error(token, e)
  File "C:\Users\rafco\Desktop\portal_libros_seguro\venv\Lib\site-packages\django\template\base.py", line 516, in parse
    compiled_result = compile_func(self, token)
  File "C:\Users\rafco\Desktop\portal_libros_seguro\venv\Lib\site-packages\django\template\loader_tags.py", line 299, in do_extends
    nodelist = parser.parse()
  File "C:\Users\rafco\Desktop\portal_libros_seguro\venv\Lib\site-packages\django\template\base.py", line 518, in parse
    raise self.error(token, e)
  File "C:\Users\rafco\Desktop\portal_libros_seguro\venv\Lib\site-packages\django\template\base.py", line 516, in parse
    compiled_result = compile_func(self, token)
  File "C:\Users\rafco\Desktop\portal_libros_seguro\venv\Lib\site-packages\django\template\loader_tags.py", line 234, in do_block
    nodelist = parser.parse(("endblock",))
  File "C:\Users\rafco\Desktop\portal_libros_seguro\venv\Lib\site-packages\django\template\base.py", line 518, in parse
    raise self.error(token, e)
  File "C:\Users\rafco\Desktop\portal_libros_seguro\venv\Lib\site-packages\django\template\base.py", line 516, in parse
    compiled_result = compile_func(self, token)
  File "C:\Users\rafco\Desktop\portal_libros_seguro\venv\Lib\site-packages\django\template\defaulttags.py", line 961, in do_if
    condition = TemplateIfParser(parser, bits).parse()
                ~~~~~~~~~~~~~~~~^^^^^^^^^^^^^^
  File "C:\Users\rafco\Desktop\portal_libros_seguro\venv\Lib\site-packages\django\template\defaulttags.py", line 894, in __init__
    super().__init__(*args, **kwargs)
    ~~~~~~~~~~~~~~~~^^^^^^^^^^^^^^^^^
  File "C:\Users\rafco\Desktop\portal_libros_seguro\venv\Lib\site-packages\django\template\smartif.py", line 171, in __init__
    mapped_tokens.append(self.translate_token(token))
                         ~~~~~~~~~~~~~~~~~~~~^^^^^^^
  File "C:\Users\rafco\Desktop\portal_libros_seguro\venv\Lib\site-packages\django\template\smartif.py", line 182, in translate_token
    return self.create_var(token)
           ~~~~~~~~~~~~~~~^^^^^^^
  File "C:\Users\rafco\Desktop\portal_libros_seguro\venv\Lib\site-packages\django\template\defaulttags.py", line 897, in create_var
    return TemplateLiteral(self.template_parser.compile_filter(value), value)
                           ~~~~~~~~~~~~~~~~~~~~~~~~~~~~~~~~~~~^^^^^^^
  File "C:\Users\rafco\Desktop\portal_libros_seguro\venv\Lib\site-packages\django\template\base.py", line 609, in compile_filter
    return FilterExpression(token, self)
  File "C:\Users\rafco\Desktop\portal_libros_seguro\venv\Lib\site-packages\django\template\base.py", line 710, in __init__
    raise TemplateSyntaxError(
    ...<2 lines>...
    )
django.template.exceptions.TemplateSyntaxError: Could not parse the remainder: '(user' from '(user'
ERROR 2025-06-10 10:21:19,181 basehttp 12304 14236 "GET /libro/1/ HTTP/1.1" 500 242715
INFO 2025-06-10 10:21:33,033 basehttp 12304 14236 "GET /admin/ HTTP/1.1" 200 8471
INFO 2025-06-10 10:21:33,054 basehttp 12304 14236 "GET /static/admin/css/base.css HTTP/1.1" 304 0
INFO 2025-06-10 10:21:33,067 basehttp 12304 14236 "GET /static/admin/css/dark_mode.css HTTP/1.1" 304 0
INFO 2025-06-10 10:21:33,068 basehttp 12304 6636 "GET /static/admin/js/theme.js HTTP/1.1" 304 0
INFO 2025-06-10 10:21:33,072 basehttp 12304 7696 "GET /static/admin/css/nav_sidebar.css HTTP/1.1" 304 0
INFO 2025-06-10 10:21:33,075 basehttp 12304 14152 "GET /static/admin/css/dashboard.css HTTP/1.1" 304 0
INFO 2025-06-10 10:21:33,076 basehttp 12304 14304 "GET /static/admin/css/responsive.css HTTP/1.1" 304 0
INFO 2025-06-10 10:21:33,078 basehttp 12304 14152 "GET /static/admin/js/nav_sidebar.js HTTP/1.1" 304 0
INFO 2025-06-10 10:21:33,086 basehttp 12304 14304 "GET /static/admin/img/icon-changelink.svg HTTP/1.1" 304 0
INFO 2025-06-10 10:21:33,086 basehttp 12304 14152 "GET /static/admin/img/icon-addlink.svg HTTP/1.1" 304 0
INFO 2025-06-10 10:21:38,640 views 12304 14304 Mostrando detalle del libro 'a'.
ERROR 2025-06-10 10:21:38,705 log 12304 14304 Internal Server Error: /libro/1/
Traceback (most recent call last):
  File "C:\Users\rafco\Desktop\portal_libros_seguro\venv\Lib\site-packages\django\template\smartif.py", line 180, in translate_token
    op = OPERATORS[token]
         ~~~~~~~~~^^^^^^^
KeyError: '(user'

During handling of the above exception, another exception occurred:

Traceback (most recent call last):
  File "C:\Users\rafco\Desktop\portal_libros_seguro\venv\Lib\site-packages\django\core\handlers\exception.py", line 55, in inner
    response = get_response(request)
  File "C:\Users\rafco\Desktop\portal_libros_seguro\venv\Lib\site-packages\django\core\handlers\base.py", line 220, in _get_response
    response = response.render()
  File "C:\Users\rafco\Desktop\portal_libros_seguro\venv\Lib\site-packages\django\template\response.py", line 114, in render
    self.content = self.rendered_content
                   ^^^^^^^^^^^^^^^^^^^^^
  File "C:\Users\rafco\Desktop\portal_libros_seguro\venv\Lib\site-packages\django\template\response.py", line 90, in rendered_content
    template = self.resolve_template(self.template_name)
  File "C:\Users\rafco\Desktop\portal_libros_seguro\venv\Lib\site-packages\django\template\response.py", line 72, in resolve_template
    return select_template(template, using=self.using)
  File "C:\Users\rafco\Desktop\portal_libros_seguro\venv\Lib\site-packages\django\template\loader.py", line 42, in select_template
    return engine.get_template(template_name)
           ~~~~~~~~~~~~~~~~~~~^^^^^^^^^^^^^^^
  File "C:\Users\rafco\Desktop\portal_libros_seguro\venv\Lib\site-packages\django\template\backends\django.py", line 79, in get_template
    return Template(self.engine.get_template(template_name), self)
                    ~~~~~~~~~~~~~~~~~~~~~~~~^^^^^^^^^^^^^^^
  File "C:\Users\rafco\Desktop\portal_libros_seguro\venv\Lib\site-packages\django\template\engine.py", line 177, in get_template
    template, origin = self.find_template(template_name)
                       ~~~~~~~~~~~~~~~~~~^^^^^^^^^^^^^^^
  File "C:\Users\rafco\Desktop\portal_libros_seguro\venv\Lib\site-packages\django\template\engine.py", line 159, in find_template
    template = loader.get_template(name, skip=skip)
  File "C:\Users\rafco\Desktop\portal_libros_seguro\venv\Lib\site-packages\django\template\loaders\cached.py", line 57, in get_template
    template = super().get_template(template_name, skip)
  File "C:\Users\rafco\Desktop\portal_libros_seguro\venv\Lib\site-packages\django\template\loaders\base.py", line 28, in get_template
    return Template(
        contents,
    ...<2 lines>...
        self.engine,
    )
  File "C:\Users\rafco\Desktop\portal_libros_seguro\venv\Lib\site-packages\django\template\base.py", line 154, in __init__
    self.nodelist = self.compile_nodelist()
                    ~~~~~~~~~~~~~~~~~~~~~^^
  File "C:\Users\rafco\Desktop\portal_libros_seguro\venv\Lib\site-packages\django\template\base.py", line 196, in compile_nodelist
    nodelist = parser.parse()
  File "C:\Users\rafco\Desktop\portal_libros_seguro\venv\Lib\site-packages\django\template\base.py", line 518, in parse
    raise self.error(token, e)
  File "C:\Users\rafco\Desktop\portal_libros_seguro\venv\Lib\site-packages\django\template\base.py", line 516, in parse
    compiled_result = compile_func(self, token)
  File "C:\Users\rafco\Desktop\portal_libros_seguro\venv\Lib\site-packages\django\template\loader_tags.py", line 299, in do_extends
    nodelist = parser.parse()
  File "C:\Users\rafco\Desktop\portal_libros_seguro\venv\Lib\site-packages\django\template\base.py", line 518, in parse
    raise self.error(token, e)
  File "C:\Users\rafco\Desktop\portal_libros_seguro\venv\Lib\site-packages\django\template\base.py", line 516, in parse
    compiled_result = compile_func(self, token)
  File "C:\Users\rafco\Desktop\portal_libros_seguro\venv\Lib\site-packages\django\template\loader_tags.py", line 234, in do_block
    nodelist = parser.parse(("endblock",))
  File "C:\Users\rafco\Desktop\portal_libros_seguro\venv\Lib\site-packages\django\template\base.py", line 518, in parse
    raise self.error(token, e)
  File "C:\Users\rafco\Desktop\portal_libros_seguro\venv\Lib\site-packages\django\template\base.py", line 516, in parse
    compiled_result = compile_func(self, token)
  File "C:\Users\rafco\Desktop\portal_libros_seguro\venv\Lib\site-packages\django\template\defaulttags.py", line 961, in do_if
    condition = TemplateIfParser(parser, bits).parse()
                ~~~~~~~~~~~~~~~~^^^^^^^^^^^^^^
  File "C:\Users\rafco\Desktop\portal_libros_seguro\venv\Lib\site-packages\django\template\defaulttags.py", line 894, in __init__
    super().__init__(*args, **kwargs)
    ~~~~~~~~~~~~~~~~^^^^^^^^^^^^^^^^^
  File "C:\Users\rafco\Desktop\portal_libros_seguro\venv\Lib\site-packages\django\template\smartif.py", line 171, in __init__
    mapped_tokens.append(self.translate_token(token))
                         ~~~~~~~~~~~~~~~~~~~~^^^^^^^
  File "C:\Users\rafco\Desktop\portal_libros_seguro\venv\Lib\site-packages\django\template\smartif.py", line 182, in translate_token
    return self.create_var(token)
           ~~~~~~~~~~~~~~~^^^^^^^
  File "C:\Users\rafco\Desktop\portal_libros_seguro\venv\Lib\site-packages\django\template\defaulttags.py", line 897, in create_var
    return TemplateLiteral(self.template_parser.compile_filter(value), value)
                           ~~~~~~~~~~~~~~~~~~~~~~~~~~~~~~~~~~~^^^^^^^
  File "C:\Users\rafco\Desktop\portal_libros_seguro\venv\Lib\site-packages\django\template\base.py", line 609, in compile_filter
    return FilterExpression(token, self)
  File "C:\Users\rafco\Desktop\portal_libros_seguro\venv\Lib\site-packages\django\template\base.py", line 710, in __init__
    raise TemplateSyntaxError(
    ...<2 lines>...
    )
django.template.exceptions.TemplateSyntaxError: Could not parse the remainder: '(user' from '(user'
ERROR 2025-06-10 10:21:38,710 basehttp 12304 14304 "GET /libro/1/ HTTP/1.1" 500 242715
INFO 2025-06-10 10:23:37,974 views 12304 14304 Mostrando detalle del libro 'a'.
ERROR 2025-06-10 10:23:38,010 log 12304 14304 Internal Server Error: /libro/1/
Traceback (most recent call last):
  File "C:\Users\rafco\Desktop\portal_libros_seguro\venv\Lib\site-packages\django\core\handlers\exception.py", line 55, in inner
    response = get_response(request)
  File "C:\Users\rafco\Desktop\portal_libros_seguro\venv\Lib\site-packages\django\core\handlers\base.py", line 220, in _get_response
    response = response.render()
  File "C:\Users\rafco\Desktop\portal_libros_seguro\venv\Lib\site-packages\django\template\response.py", line 114, in render
    self.content = self.rendered_content
                   ^^^^^^^^^^^^^^^^^^^^^
  File "C:\Users\rafco\Desktop\portal_libros_seguro\venv\Lib\site-packages\django\template\response.py", line 90, in rendered_content
    template = self.resolve_template(self.template_name)
  File "C:\Users\rafco\Desktop\portal_libros_seguro\venv\Lib\site-packages\django\template\response.py", line 72, in resolve_template
    return select_template(template, using=self.using)
  File "C:\Users\rafco\Desktop\portal_libros_seguro\venv\Lib\site-packages\django\template\loader.py", line 47, in select_template
    raise TemplateDoesNotExist(", ".join(template_name_list), chain=chain)
django.template.exceptions.TemplateDoesNotExist: libros/detalle_libro.html
ERROR 2025-06-10 10:23:38,015 basehttp 12304 14304 "GET /libro/1/ HTTP/1.1" 500 83269
INFO 2025-06-10 10:23:42,339 views 12304 14304 Admin 'rafco' viendo todos los libros.
ERROR 2025-06-10 10:23:42,382 log 12304 14304 Internal Server Error: /
Traceback (most recent call last):
  File "C:\Users\rafco\Desktop\portal_libros_seguro\venv\Lib\site-packages\django\core\handlers\exception.py", line 55, in inner
    response = get_response(request)
  File "C:\Users\rafco\Desktop\portal_libros_seguro\venv\Lib\site-packages\django\core\handlers\base.py", line 220, in _get_response
    response = response.render()
  File "C:\Users\rafco\Desktop\portal_libros_seguro\venv\Lib\site-packages\django\template\response.py", line 114, in render
    self.content = self.rendered_content
                   ^^^^^^^^^^^^^^^^^^^^^
  File "C:\Users\rafco\Desktop\portal_libros_seguro\venv\Lib\site-packages\django\template\response.py", line 90, in rendered_content
    template = self.resolve_template(self.template_name)
  File "C:\Users\rafco\Desktop\portal_libros_seguro\venv\Lib\site-packages\django\template\response.py", line 72, in resolve_template
    return select_template(template, using=self.using)
  File "C:\Users\rafco\Desktop\portal_libros_seguro\venv\Lib\site-packages\django\template\loader.py", line 47, in select_template
    raise TemplateDoesNotExist(", ".join(template_name_list), chain=chain)
django.template.exceptions.TemplateDoesNotExist: libros/lista_libros.html, libros/libro_list.html
ERROR 2025-06-10 10:23:42,383 basehttp 12304 14304 "GET / HTTP/1.1" 500 84963
INFO 2025-06-10 10:23:57,623 views 12304 14304 Admin 'rafco' viendo todos los libros.
ERROR 2025-06-10 10:23:57,662 log 12304 14304 Internal Server Error: /
Traceback (most recent call last):
  File "C:\Users\rafco\Desktop\portal_libros_seguro\venv\Lib\site-packages\django\core\handlers\exception.py", line 55, in inner
    response = get_response(request)
  File "C:\Users\rafco\Desktop\portal_libros_seguro\venv\Lib\site-packages\django\core\handlers\base.py", line 220, in _get_response
    response = response.render()
  File "C:\Users\rafco\Desktop\portal_libros_seguro\venv\Lib\site-packages\django\template\response.py", line 114, in render
    self.content = self.rendered_content
                   ^^^^^^^^^^^^^^^^^^^^^
  File "C:\Users\rafco\Desktop\portal_libros_seguro\venv\Lib\site-packages\django\template\response.py", line 90, in rendered_content
    template = self.resolve_template(self.template_name)
  File "C:\Users\rafco\Desktop\portal_libros_seguro\venv\Lib\site-packages\django\template\response.py", line 72, in resolve_template
    return select_template(template, using=self.using)
  File "C:\Users\rafco\Desktop\portal_libros_seguro\venv\Lib\site-packages\django\template\loader.py", line 47, in select_template
    raise TemplateDoesNotExist(", ".join(template_name_list), chain=chain)
django.template.exceptions.TemplateDoesNotExist: libros/lista_libros.html, libros/libro_list.html
ERROR 2025-06-10 10:23:57,664 basehttp 12304 14304 "GET / HTTP/1.1" 500 85100
INFO 2025-06-10 10:23:58,271 views 12304 14304 Admin 'rafco' viendo todos los libros.
ERROR 2025-06-10 10:23:58,311 log 12304 14304 Internal Server Error: /
Traceback (most recent call last):
  File "C:\Users\rafco\Desktop\portal_libros_seguro\venv\Lib\site-packages\django\core\handlers\exception.py", line 55, in inner
    response = get_response(request)
  File "C:\Users\rafco\Desktop\portal_libros_seguro\venv\Lib\site-packages\django\core\handlers\base.py", line 220, in _get_response
    response = response.render()
  File "C:\Users\rafco\Desktop\portal_libros_seguro\venv\Lib\site-packages\django\template\response.py", line 114, in render
    self.content = self.rendered_content
                   ^^^^^^^^^^^^^^^^^^^^^
  File "C:\Users\rafco\Desktop\portal_libros_seguro\venv\Lib\site-packages\django\template\response.py", line 90, in rendered_content
    template = self.resolve_template(self.template_name)
  File "C:\Users\rafco\Desktop\portal_libros_seguro\venv\Lib\site-packages\django\template\response.py", line 72, in resolve_template
    return select_template(template, using=self.using)
  File "C:\Users\rafco\Desktop\portal_libros_seguro\venv\Lib\site-packages\django\template\loader.py", line 47, in select_template
    raise TemplateDoesNotExist(", ".join(template_name_list), chain=chain)
django.template.exceptions.TemplateDoesNotExist: libros/lista_libros.html, libros/libro_list.html
ERROR 2025-06-10 10:23:58,314 basehttp 12304 14304 "GET / HTTP/1.1" 500 85100
INFO 2025-06-10 10:24:10,648 basehttp 12304 14304 "GET /admin/ HTTP/1.1" 200 8471
INFO 2025-06-10 10:24:12,627 basehttp 12304 14304 "GET /admin/libros/libro/add/ HTTP/1.1" 200 16509
INFO 2025-06-10 10:24:12,664 basehttp 12304 14304 "GET /static/admin/css/forms.css HTTP/1.1" 304 0
INFO 2025-06-10 10:24:12,667 basehttp 12304 8964 "GET /static/admin/js/admin/DateTimeShortcuts.js HTTP/1.1" 304 0
INFO 2025-06-10 10:24:12,668 basehttp 12304 14236 "GET /static/admin/js/jquery.init.js HTTP/1.1" 304 0
INFO 2025-06-10 10:24:12,668 basehttp 12304 7696 "GET /static/admin/js/vendor/jquery/jquery.js HTTP/1.1" 304 0
INFO 2025-06-10 10:24:12,668 basehttp 12304 6636 "GET /static/admin/js/calendar.js HTTP/1.1" 304 0
INFO 2025-06-10 10:24:12,669 basehttp 12304 14304 "GET /static/admin/js/core.js HTTP/1.1" 304 0
INFO 2025-06-10 10:24:12,679 basehttp 12304 8964 "GET /static/admin/js/admin/RelatedObjectLookups.js HTTP/1.1" 304 0
INFO 2025-06-10 10:24:12,679 basehttp 12304 7696 "GET /static/admin/js/actions.js HTTP/1.1" 304 0
INFO 2025-06-10 10:24:12,680 basehttp 12304 14236 "GET /static/admin/css/widgets.css HTTP/1.1" 304 0
INFO 2025-06-10 10:24:12,680 basehttp 12304 6636 "GET /static/admin/js/urlify.js HTTP/1.1" 304 0
INFO 2025-06-10 10:24:12,684 basehttp 12304 14304 "GET /static/admin/js/prepopulate.js HTTP/1.1" 304 0
INFO 2025-06-10 10:24:12,684 basehttp 12304 8964 "GET /static/admin/js/vendor/xregexp/xregexp.js HTTP/1.1" 304 0
INFO 2025-06-10 10:24:12,692 basehttp 12304 14152 "GET /admin/jsi18n/ HTTP/1.1" 200 3342
INFO 2025-06-10 10:24:12,693 basehttp 12304 14304 "GET /static/admin/js/prepopulate_init.js HTTP/1.1" 304 0
INFO 2025-06-10 10:24:12,698 basehttp 12304 14152 "GET /static/admin/img/icon-deletelink.svg HTTP/1.1" 304 0
INFO 2025-06-10 10:24:12,712 basehttp 12304 14152 "GET /static/admin/img/icon-viewlink.svg HTTP/1.1" 304 0
INFO 2025-06-10 10:24:12,713 basehttp 12304 14304 "GET /static/admin/js/change_form.js HTTP/1.1" 304 0
INFO 2025-06-10 10:24:12,749 basehttp 12304 14304 "GET /static/admin/img/icon-calendar.svg HTTP/1.1" 304 0
INFO 2025-06-10 10:24:18,511 basehttp 12304 14304 "POST /admin/libros/libro/add/ HTTP/1.1" 302 0
INFO 2025-06-10 10:24:18,593 basehttp 12304 14304 "GET /admin/libros/libro/ HTTP/1.1" 200 14190
INFO 2025-06-10 10:24:18,620 basehttp 12304 14304 "GET /static/admin/css/changelists.css HTTP/1.1" 304 0
INFO 2025-06-10 10:24:18,620 basehttp 12304 8964 "GET /static/admin/img/search.svg HTTP/1.1" 304 0
INFO 2025-06-10 10:24:18,621 basehttp 12304 6636 "GET /static/admin/img/icon-yes.svg HTTP/1.1" 304 0
INFO 2025-06-10 10:24:18,629 basehttp 12304 14152 "GET /admin/jsi18n/ HTTP/1.1" 200 3342
INFO 2025-06-10 10:24:18,630 basehttp 12304 6636 "GET /static/admin/js/filters.js HTTP/1.1" 304 0
INFO 2025-06-10 10:24:18,649 basehttp 12304 6636 "GET /static/admin/img/tooltag-add.svg HTTP/1.1" 304 0
INFO 2025-06-10 10:24:18,650 basehttp 12304 14152 "GET /static/admin/img/sorting-icons.svg HTTP/1.1" 304 0
INFO 2025-06-10 10:24:23,326 basehttp 12304 14152 "GET /admin/libros/libro/1/change/ HTTP/1.1" 200 17400
INFO 2025-06-10 10:24:23,356 basehttp 12304 14152 "GET /admin/jsi18n/ HTTP/1.1" 200 3342
INFO 2025-06-10 10:24:30,047 basehttp 12304 14152 "POST /admin/libros/libro/1/change/ HTTP/1.1" 302 0
INFO 2025-06-10 10:24:30,071 basehttp 12304 14152 "GET /admin/libros/libro/ HTTP/1.1" 200 14198
INFO 2025-06-10 10:24:30,105 basehttp 12304 14152 "GET /admin/jsi18n/ HTTP/1.1" 200 3342
INFO 2025-06-10 10:24:31,972 basehttp 12304 14152 "GET /admin/libros/libro/1/change/ HTTP/1.1" 200 17402
INFO 2025-06-10 10:24:32,002 basehttp 12304 14152 "GET /admin/jsi18n/ HTTP/1.1" 200 3342
INFO 2025-06-10 10:24:33,924 basehttp 12304 14152 "GET /admin/libros/libro/1/delete/ HTTP/1.1" 200 8613
INFO 2025-06-10 10:24:33,953 basehttp 12304 14152 "GET /static/admin/js/cancel.js HTTP/1.1" 304 0
INFO 2025-06-10 10:24:35,308 basehttp 12304 14152 "GET /admin/libros/libro/1/change/ HTTP/1.1" 200 17402
INFO 2025-06-10 10:24:38,538 basehttp 12304 14152 "GET /admin/libros/libro/ HTTP/1.1" 200 14005
INFO 2025-06-10 10:24:38,576 basehttp 12304 14152 "GET /admin/jsi18n/ HTTP/1.1" 200 3342
INFO 2025-06-10 10:26:03,973 autoreload 12132 9448 Watching for file changes with StatReloader
INFO 2025-06-10 10:26:33,276 autoreload 4944 14088 Watching for file changes with StatReloader
INFO 2025-06-10 10:26:38,371 basehttp 4944 13408 "GET /admin/libros/libro/ HTTP/1.1" 200 14005
INFO 2025-06-10 10:26:38,399 basehttp 4944 13408 "GET /admin/jsi18n/ HTTP/1.1" 200 3342
INFO 2025-06-10 10:26:39,039 basehttp 4944 13408 "GET /admin/libros/libro/ HTTP/1.1" 200 14005
INFO 2025-06-10 10:26:39,065 basehttp 4944 13408 "GET /admin/jsi18n/ HTTP/1.1" 200 3342
INFO 2025-06-10 10:26:43,269 views 4944 13408 Admin 'rafco' viendo todos los libros.
ERROR 2025-06-10 10:26:43,336 log 4944 13408 Internal Server Error: /
Traceback (most recent call last):
  File "C:\Users\rafco\Desktop\portal_libros_seguro\venv\Lib\site-packages\django\template\backends\django.py", line 107, in render
    return self.template.render(context)
           ~~~~~~~~~~~~~~~~~~~~^^^^^^^^^
  File "C:\Users\rafco\Desktop\portal_libros_seguro\venv\Lib\site-packages\django\template\base.py", line 171, in render
    return self._render(context)
           ~~~~~~~~~~~~^^^^^^^^^
  File "C:\Users\rafco\Desktop\portal_libros_seguro\venv\Lib\site-packages\django\template\base.py", line 163, in _render
    return self.nodelist.render(context)
           ~~~~~~~~~~~~~~~~~~~~^^^^^^^^^
  File "C:\Users\rafco\Desktop\portal_libros_seguro\venv\Lib\site-packages\django\template\base.py", line 1016, in render
    return SafeString("".join([node.render_annotated(context) for node in self]))
                               ~~~~~~~~~~~~~~~~~~~~~^^^^^^^^^
  File "C:\Users\rafco\Desktop\portal_libros_seguro\venv\Lib\site-packages\django\template\base.py", line 977, in render_annotated
    return self.render(context)
           ~~~~~~~~~~~^^^^^^^^^
  File "C:\Users\rafco\Desktop\portal_libros_seguro\venv\Lib\site-packages\django\template\loader_tags.py", line 134, in render
    compiled_parent = self.get_parent(context)
  File "C:\Users\rafco\Desktop\portal_libros_seguro\venv\Lib\site-packages\django\template\loader_tags.py", line 131, in get_parent
    return self.find_template(parent, context)
           ~~~~~~~~~~~~~~~~~~^^^^^^^^^^^^^^^^^
  File "C:\Users\rafco\Desktop\portal_libros_seguro\venv\Lib\site-packages\django\template\loader_tags.py", line 109, in find_template
    template, origin = context.template.engine.find_template(
                       ~~~~~~~~~~~~~~~~~~~~~~~~~~~~~~~~~~~~~^
        template_name,
        ^^^^^^^^^^^^^^
        skip=history,
        ^^^^^^^^^^^^^
    )
    ^
  File "C:\Users\rafco\Desktop\portal_libros_seguro\venv\Lib\site-packages\django\template\engine.py", line 163, in find_template
    raise TemplateDoesNotExist(name, tried=tried)
django.template.exceptions.TemplateDoesNotExist: base.html

The above exception was the direct cause of the following exception:

Traceback (most recent call last):
  File "C:\Users\rafco\Desktop\portal_libros_seguro\venv\Lib\site-packages\django\core\handlers\exception.py", line 55, in inner
    response = get_response(request)
  File "C:\Users\rafco\Desktop\portal_libros_seguro\venv\Lib\site-packages\django\core\handlers\base.py", line 220, in _get_response
    response = response.render()
  File "C:\Users\rafco\Desktop\portal_libros_seguro\venv\Lib\site-packages\django\template\response.py", line 114, in render
    self.content = self.rendered_content
                   ^^^^^^^^^^^^^^^^^^^^^
  File "C:\Users\rafco\Desktop\portal_libros_seguro\venv\Lib\site-packages\django\template\response.py", line 92, in rendered_content
    return template.render(context, self._request)
           ~~~~~~~~~~~~~~~^^^^^^^^^^^^^^^^^^^^^^^^
  File "C:\Users\rafco\Desktop\portal_libros_seguro\venv\Lib\site-packages\django\template\backends\django.py", line 109, in render
    reraise(exc, self.backend)
    ~~~~~~~^^^^^^^^^^^^^^^^^^^
  File "C:\Users\rafco\Desktop\portal_libros_seguro\venv\Lib\site-packages\django\template\backends\django.py", line 130, in reraise
    raise new from exc
django.template.exceptions.TemplateDoesNotExist: base.html
ERROR 2025-06-10 10:26:43,344 basehttp 4944 13408 "GET / HTTP/1.1" 500 128480
INFO 2025-06-10 10:30:11,288 views 4944 13408 Admin 'rafco' viendo todos los libros.
ERROR 2025-06-10 10:30:11,335 log 4944 13408 Internal Server Error: /
Traceback (most recent call last):
  File "C:\Users\rafco\Desktop\portal_libros_seguro\venv\Lib\site-packages\django\template\backends\django.py", line 107, in render
    return self.template.render(context)
           ~~~~~~~~~~~~~~~~~~~~^^^^^^^^^
  File "C:\Users\rafco\Desktop\portal_libros_seguro\venv\Lib\site-packages\django\template\base.py", line 171, in render
    return self._render(context)
           ~~~~~~~~~~~~^^^^^^^^^
  File "C:\Users\rafco\Desktop\portal_libros_seguro\venv\Lib\site-packages\django\template\base.py", line 163, in _render
    return self.nodelist.render(context)
           ~~~~~~~~~~~~~~~~~~~~^^^^^^^^^
  File "C:\Users\rafco\Desktop\portal_libros_seguro\venv\Lib\site-packages\django\template\base.py", line 1016, in render
    return SafeString("".join([node.render_annotated(context) for node in self]))
                               ~~~~~~~~~~~~~~~~~~~~~^^^^^^^^^
  File "C:\Users\rafco\Desktop\portal_libros_seguro\venv\Lib\site-packages\django\template\base.py", line 977, in render_annotated
    return self.render(context)
           ~~~~~~~~~~~^^^^^^^^^
  File "C:\Users\rafco\Desktop\portal_libros_seguro\venv\Lib\site-packages\django\template\loader_tags.py", line 134, in render
    compiled_parent = self.get_parent(context)
  File "C:\Users\rafco\Desktop\portal_libros_seguro\venv\Lib\site-packages\django\template\loader_tags.py", line 131, in get_parent
    return self.find_template(parent, context)
           ~~~~~~~~~~~~~~~~~~^^^^^^^^^^^^^^^^^
  File "C:\Users\rafco\Desktop\portal_libros_seguro\venv\Lib\site-packages\django\template\loader_tags.py", line 109, in find_template
    template, origin = context.template.engine.find_template(
                       ~~~~~~~~~~~~~~~~~~~~~~~~~~~~~~~~~~~~~^
        template_name,
        ^^^^^^^^^^^^^^
        skip=history,
        ^^^^^^^^^^^^^
    )
    ^
  File "C:\Users\rafco\Desktop\portal_libros_seguro\venv\Lib\site-packages\django\template\engine.py", line 163, in find_template
    raise TemplateDoesNotExist(name, tried=tried)
django.template.exceptions.TemplateDoesNotExist: base.html

The above exception was the direct cause of the following exception:

Traceback (most recent call last):
  File "C:\Users\rafco\Desktop\portal_libros_seguro\venv\Lib\site-packages\django\core\handlers\exception.py", line 55, in inner
    response = get_response(request)
  File "C:\Users\rafco\Desktop\portal_libros_seguro\venv\Lib\site-packages\django\core\handlers\base.py", line 220, in _get_response
    response = response.render()
  File "C:\Users\rafco\Desktop\portal_libros_seguro\venv\Lib\site-packages\django\template\response.py", line 114, in render
    self.content = self.rendered_content
                   ^^^^^^^^^^^^^^^^^^^^^
  File "C:\Users\rafco\Desktop\portal_libros_seguro\venv\Lib\site-packages\django\template\response.py", line 92, in rendered_content
    return template.render(context, self._request)
           ~~~~~~~~~~~~~~~^^^^^^^^^^^^^^^^^^^^^^^^
  File "C:\Users\rafco\Desktop\portal_libros_seguro\venv\Lib\site-packages\django\template\backends\django.py", line 109, in render
    reraise(exc, self.backend)
    ~~~~~~~^^^^^^^^^^^^^^^^^^^
  File "C:\Users\rafco\Desktop\portal_libros_seguro\venv\Lib\site-packages\django\template\backends\django.py", line 130, in reraise
    raise new from exc
django.template.exceptions.TemplateDoesNotExist: base.html
ERROR 2025-06-10 10:30:11,338 basehttp 4944 13408 "GET / HTTP/1.1" 500 128617
INFO 2025-06-10 10:30:11,942 views 4944 13408 Admin 'rafco' viendo todos los libros.
ERROR 2025-06-10 10:30:11,988 log 4944 13408 Internal Server Error: /
Traceback (most recent call last):
  File "C:\Users\rafco\Desktop\portal_libros_seguro\venv\Lib\site-packages\django\template\backends\django.py", line 107, in render
    return self.template.render(context)
           ~~~~~~~~~~~~~~~~~~~~^^^^^^^^^
  File "C:\Users\rafco\Desktop\portal_libros_seguro\venv\Lib\site-packages\django\template\base.py", line 171, in render
    return self._render(context)
           ~~~~~~~~~~~~^^^^^^^^^
  File "C:\Users\rafco\Desktop\portal_libros_seguro\venv\Lib\site-packages\django\template\base.py", line 163, in _render
    return self.nodelist.render(context)
           ~~~~~~~~~~~~~~~~~~~~^^^^^^^^^
  File "C:\Users\rafco\Desktop\portal_libros_seguro\venv\Lib\site-packages\django\template\base.py", line 1016, in render
    return SafeString("".join([node.render_annotated(context) for node in self]))
                               ~~~~~~~~~~~~~~~~~~~~~^^^^^^^^^
  File "C:\Users\rafco\Desktop\portal_libros_seguro\venv\Lib\site-packages\django\template\base.py", line 977, in render_annotated
    return self.render(context)
           ~~~~~~~~~~~^^^^^^^^^
  File "C:\Users\rafco\Desktop\portal_libros_seguro\venv\Lib\site-packages\django\template\loader_tags.py", line 134, in render
    compiled_parent = self.get_parent(context)
  File "C:\Users\rafco\Desktop\portal_libros_seguro\venv\Lib\site-packages\django\template\loader_tags.py", line 131, in get_parent
    return self.find_template(parent, context)
           ~~~~~~~~~~~~~~~~~~^^^^^^^^^^^^^^^^^
  File "C:\Users\rafco\Desktop\portal_libros_seguro\venv\Lib\site-packages\django\template\loader_tags.py", line 109, in find_template
    template, origin = context.template.engine.find_template(
                       ~~~~~~~~~~~~~~~~~~~~~~~~~~~~~~~~~~~~~^
        template_name,
        ^^^^^^^^^^^^^^
        skip=history,
        ^^^^^^^^^^^^^
    )
    ^
  File "C:\Users\rafco\Desktop\portal_libros_seguro\venv\Lib\site-packages\django\template\engine.py", line 163, in find_template
    raise TemplateDoesNotExist(name, tried=tried)
django.template.exceptions.TemplateDoesNotExist: base.html

The above exception was the direct cause of the following exception:

Traceback (most recent call last):
  File "C:\Users\rafco\Desktop\portal_libros_seguro\venv\Lib\site-packages\django\core\handlers\exception.py", line 55, in inner
    response = get_response(request)
  File "C:\Users\rafco\Desktop\portal_libros_seguro\venv\Lib\site-packages\django\core\handlers\base.py", line 220, in _get_response
    response = response.render()
  File "C:\Users\rafco\Desktop\portal_libros_seguro\venv\Lib\site-packages\django\template\response.py", line 114, in render
    self.content = self.rendered_content
                   ^^^^^^^^^^^^^^^^^^^^^
  File "C:\Users\rafco\Desktop\portal_libros_seguro\venv\Lib\site-packages\django\template\response.py", line 92, in rendered_content
    return template.render(context, self._request)
           ~~~~~~~~~~~~~~~^^^^^^^^^^^^^^^^^^^^^^^^
  File "C:\Users\rafco\Desktop\portal_libros_seguro\venv\Lib\site-packages\django\template\backends\django.py", line 109, in render
    reraise(exc, self.backend)
    ~~~~~~~^^^^^^^^^^^^^^^^^^^
  File "C:\Users\rafco\Desktop\portal_libros_seguro\venv\Lib\site-packages\django\template\backends\django.py", line 130, in reraise
    raise new from exc
django.template.exceptions.TemplateDoesNotExist: base.html
ERROR 2025-06-10 10:30:11,991 basehttp 4944 13408 "GET / HTTP/1.1" 500 128617
INFO 2025-06-10 10:30:12,134 views 4944 13408 Admin 'rafco' viendo todos los libros.
ERROR 2025-06-10 10:30:12,174 log 4944 13408 Internal Server Error: /
Traceback (most recent call last):
  File "C:\Users\rafco\Desktop\portal_libros_seguro\venv\Lib\site-packages\django\template\backends\django.py", line 107, in render
    return self.template.render(context)
           ~~~~~~~~~~~~~~~~~~~~^^^^^^^^^
  File "C:\Users\rafco\Desktop\portal_libros_seguro\venv\Lib\site-packages\django\template\base.py", line 171, in render
    return self._render(context)
           ~~~~~~~~~~~~^^^^^^^^^
  File "C:\Users\rafco\Desktop\portal_libros_seguro\venv\Lib\site-packages\django\template\base.py", line 163, in _render
    return self.nodelist.render(context)
           ~~~~~~~~~~~~~~~~~~~~^^^^^^^^^
  File "C:\Users\rafco\Desktop\portal_libros_seguro\venv\Lib\site-packages\django\template\base.py", line 1016, in render
    return SafeString("".join([node.render_annotated(context) for node in self]))
                               ~~~~~~~~~~~~~~~~~~~~~^^^^^^^^^
  File "C:\Users\rafco\Desktop\portal_libros_seguro\venv\Lib\site-packages\django\template\base.py", line 977, in render_annotated
    return self.render(context)
           ~~~~~~~~~~~^^^^^^^^^
  File "C:\Users\rafco\Desktop\portal_libros_seguro\venv\Lib\site-packages\django\template\loader_tags.py", line 134, in render
    compiled_parent = self.get_parent(context)
  File "C:\Users\rafco\Desktop\portal_libros_seguro\venv\Lib\site-packages\django\template\loader_tags.py", line 131, in get_parent
    return self.find_template(parent, context)
           ~~~~~~~~~~~~~~~~~~^^^^^^^^^^^^^^^^^
  File "C:\Users\rafco\Desktop\portal_libros_seguro\venv\Lib\site-packages\django\template\loader_tags.py", line 109, in find_template
    template, origin = context.template.engine.find_template(
                       ~~~~~~~~~~~~~~~~~~~~~~~~~~~~~~~~~~~~~^
        template_name,
        ^^^^^^^^^^^^^^
        skip=history,
        ^^^^^^^^^^^^^
    )
    ^
  File "C:\Users\rafco\Desktop\portal_libros_seguro\venv\Lib\site-packages\django\template\engine.py", line 163, in find_template
    raise TemplateDoesNotExist(name, tried=tried)
django.template.exceptions.TemplateDoesNotExist: base.html

The above exception was the direct cause of the following exception:

Traceback (most recent call last):
  File "C:\Users\rafco\Desktop\portal_libros_seguro\venv\Lib\site-packages\django\core\handlers\exception.py", line 55, in inner
    response = get_response(request)
  File "C:\Users\rafco\Desktop\portal_libros_seguro\venv\Lib\site-packages\django\core\handlers\base.py", line 220, in _get_response
    response = response.render()
  File "C:\Users\rafco\Desktop\portal_libros_seguro\venv\Lib\site-packages\django\template\response.py", line 114, in render
    self.content = self.rendered_content
                   ^^^^^^^^^^^^^^^^^^^^^
  File "C:\Users\rafco\Desktop\portal_libros_seguro\venv\Lib\site-packages\django\template\response.py", line 92, in rendered_content
    return template.render(context, self._request)
           ~~~~~~~~~~~~~~~^^^^^^^^^^^^^^^^^^^^^^^^
  File "C:\Users\rafco\Desktop\portal_libros_seguro\venv\Lib\site-packages\django\template\backends\django.py", line 109, in render
    reraise(exc, self.backend)
    ~~~~~~~^^^^^^^^^^^^^^^^^^^
  File "C:\Users\rafco\Desktop\portal_libros_seguro\venv\Lib\site-packages\django\template\backends\django.py", line 130, in reraise
    raise new from exc
django.template.exceptions.TemplateDoesNotExist: base.html
ERROR 2025-06-10 10:30:12,177 basehttp 4944 13408 "GET / HTTP/1.1" 500 128617
INFO 2025-06-10 10:30:12,319 views 4944 13408 Admin 'rafco' viendo todos los libros.
ERROR 2025-06-10 10:30:12,359 log 4944 13408 Internal Server Error: /
Traceback (most recent call last):
  File "C:\Users\rafco\Desktop\portal_libros_seguro\venv\Lib\site-packages\django\template\backends\django.py", line 107, in render
    return self.template.render(context)
           ~~~~~~~~~~~~~~~~~~~~^^^^^^^^^
  File "C:\Users\rafco\Desktop\portal_libros_seguro\venv\Lib\site-packages\django\template\base.py", line 171, in render
    return self._render(context)
           ~~~~~~~~~~~~^^^^^^^^^
  File "C:\Users\rafco\Desktop\portal_libros_seguro\venv\Lib\site-packages\django\template\base.py", line 163, in _render
    return self.nodelist.render(context)
           ~~~~~~~~~~~~~~~~~~~~^^^^^^^^^
  File "C:\Users\rafco\Desktop\portal_libros_seguro\venv\Lib\site-packages\django\template\base.py", line 1016, in render
    return SafeString("".join([node.render_annotated(context) for node in self]))
                               ~~~~~~~~~~~~~~~~~~~~~^^^^^^^^^
  File "C:\Users\rafco\Desktop\portal_libros_seguro\venv\Lib\site-packages\django\template\base.py", line 977, in render_annotated
    return self.render(context)
           ~~~~~~~~~~~^^^^^^^^^
  File "C:\Users\rafco\Desktop\portal_libros_seguro\venv\Lib\site-packages\django\template\loader_tags.py", line 134, in render
    compiled_parent = self.get_parent(context)
  File "C:\Users\rafco\Desktop\portal_libros_seguro\venv\Lib\site-packages\django\template\loader_tags.py", line 131, in get_parent
    return self.find_template(parent, context)
           ~~~~~~~~~~~~~~~~~~^^^^^^^^^^^^^^^^^
  File "C:\Users\rafco\Desktop\portal_libros_seguro\venv\Lib\site-packages\django\template\loader_tags.py", line 109, in find_template
    template, origin = context.template.engine.find_template(
                       ~~~~~~~~~~~~~~~~~~~~~~~~~~~~~~~~~~~~~^
        template_name,
        ^^^^^^^^^^^^^^
        skip=history,
        ^^^^^^^^^^^^^
    )
    ^
  File "C:\Users\rafco\Desktop\portal_libros_seguro\venv\Lib\site-packages\django\template\engine.py", line 163, in find_template
    raise TemplateDoesNotExist(name, tried=tried)
django.template.exceptions.TemplateDoesNotExist: base.html

The above exception was the direct cause of the following exception:

Traceback (most recent call last):
  File "C:\Users\rafco\Desktop\portal_libros_seguro\venv\Lib\site-packages\django\core\handlers\exception.py", line 55, in inner
    response = get_response(request)
  File "C:\Users\rafco\Desktop\portal_libros_seguro\venv\Lib\site-packages\django\core\handlers\base.py", line 220, in _get_response
    response = response.render()
  File "C:\Users\rafco\Desktop\portal_libros_seguro\venv\Lib\site-packages\django\template\response.py", line 114, in render
    self.content = self.rendered_content
                   ^^^^^^^^^^^^^^^^^^^^^
  File "C:\Users\rafco\Desktop\portal_libros_seguro\venv\Lib\site-packages\django\template\response.py", line 92, in rendered_content
    return template.render(context, self._request)
           ~~~~~~~~~~~~~~~^^^^^^^^^^^^^^^^^^^^^^^^
  File "C:\Users\rafco\Desktop\portal_libros_seguro\venv\Lib\site-packages\django\template\backends\django.py", line 109, in render
    reraise(exc, self.backend)
    ~~~~~~~^^^^^^^^^^^^^^^^^^^
  File "C:\Users\rafco\Desktop\portal_libros_seguro\venv\Lib\site-packages\django\template\backends\django.py", line 130, in reraise
    raise new from exc
django.template.exceptions.TemplateDoesNotExist: base.html
ERROR 2025-06-10 10:30:12,362 basehttp 4944 13408 "GET / HTTP/1.1" 500 128617
INFO 2025-06-10 10:30:12,509 views 4944 13408 Admin 'rafco' viendo todos los libros.
ERROR 2025-06-10 10:30:12,550 log 4944 13408 Internal Server Error: /
Traceback (most recent call last):
  File "C:\Users\rafco\Desktop\portal_libros_seguro\venv\Lib\site-packages\django\template\backends\django.py", line 107, in render
    return self.template.render(context)
           ~~~~~~~~~~~~~~~~~~~~^^^^^^^^^
  File "C:\Users\rafco\Desktop\portal_libros_seguro\venv\Lib\site-packages\django\template\base.py", line 171, in render
    return self._render(context)
           ~~~~~~~~~~~~^^^^^^^^^
  File "C:\Users\rafco\Desktop\portal_libros_seguro\venv\Lib\site-packages\django\template\base.py", line 163, in _render
    return self.nodelist.render(context)
           ~~~~~~~~~~~~~~~~~~~~^^^^^^^^^
  File "C:\Users\rafco\Desktop\portal_libros_seguro\venv\Lib\site-packages\django\template\base.py", line 1016, in render
    return SafeString("".join([node.render_annotated(context) for node in self]))
                               ~~~~~~~~~~~~~~~~~~~~~^^^^^^^^^
  File "C:\Users\rafco\Desktop\portal_libros_seguro\venv\Lib\site-packages\django\template\base.py", line 977, in render_annotated
    return self.render(context)
           ~~~~~~~~~~~^^^^^^^^^
  File "C:\Users\rafco\Desktop\portal_libros_seguro\venv\Lib\site-packages\django\template\loader_tags.py", line 134, in render
    compiled_parent = self.get_parent(context)
  File "C:\Users\rafco\Desktop\portal_libros_seguro\venv\Lib\site-packages\django\template\loader_tags.py", line 131, in get_parent
    return self.find_template(parent, context)
           ~~~~~~~~~~~~~~~~~~^^^^^^^^^^^^^^^^^
  File "C:\Users\rafco\Desktop\portal_libros_seguro\venv\Lib\site-packages\django\template\loader_tags.py", line 109, in find_template
    template, origin = context.template.engine.find_template(
                       ~~~~~~~~~~~~~~~~~~~~~~~~~~~~~~~~~~~~~^
        template_name,
        ^^^^^^^^^^^^^^
        skip=history,
        ^^^^^^^^^^^^^
    )
    ^
  File "C:\Users\rafco\Desktop\portal_libros_seguro\venv\Lib\site-packages\django\template\engine.py", line 163, in find_template
    raise TemplateDoesNotExist(name, tried=tried)
django.template.exceptions.TemplateDoesNotExist: base.html

The above exception was the direct cause of the following exception:

Traceback (most recent call last):
  File "C:\Users\rafco\Desktop\portal_libros_seguro\venv\Lib\site-packages\django\core\handlers\exception.py", line 55, in inner
    response = get_response(request)
  File "C:\Users\rafco\Desktop\portal_libros_seguro\venv\Lib\site-packages\django\core\handlers\base.py", line 220, in _get_response
    response = response.render()
  File "C:\Users\rafco\Desktop\portal_libros_seguro\venv\Lib\site-packages\django\template\response.py", line 114, in render
    self.content = self.rendered_content
                   ^^^^^^^^^^^^^^^^^^^^^
  File "C:\Users\rafco\Desktop\portal_libros_seguro\venv\Lib\site-packages\django\template\response.py", line 92, in rendered_content
    return template.render(context, self._request)
           ~~~~~~~~~~~~~~~^^^^^^^^^^^^^^^^^^^^^^^^
  File "C:\Users\rafco\Desktop\portal_libros_seguro\venv\Lib\site-packages\django\template\backends\django.py", line 109, in render
    reraise(exc, self.backend)
    ~~~~~~~^^^^^^^^^^^^^^^^^^^
  File "C:\Users\rafco\Desktop\portal_libros_seguro\venv\Lib\site-packages\django\template\backends\django.py", line 130, in reraise
    raise new from exc
django.template.exceptions.TemplateDoesNotExist: base.html
ERROR 2025-06-10 10:30:12,553 basehttp 4944 13408 "GET / HTTP/1.1" 500 128617
INFO 2025-06-10 10:30:12,693 views 4944 13408 Admin 'rafco' viendo todos los libros.
ERROR 2025-06-10 10:30:12,736 log 4944 13408 Internal Server Error: /
Traceback (most recent call last):
  File "C:\Users\rafco\Desktop\portal_libros_seguro\venv\Lib\site-packages\django\template\backends\django.py", line 107, in render
    return self.template.render(context)
           ~~~~~~~~~~~~~~~~~~~~^^^^^^^^^
  File "C:\Users\rafco\Desktop\portal_libros_seguro\venv\Lib\site-packages\django\template\base.py", line 171, in render
    return self._render(context)
           ~~~~~~~~~~~~^^^^^^^^^
  File "C:\Users\rafco\Desktop\portal_libros_seguro\venv\Lib\site-packages\django\template\base.py", line 163, in _render
    return self.nodelist.render(context)
           ~~~~~~~~~~~~~~~~~~~~^^^^^^^^^
  File "C:\Users\rafco\Desktop\portal_libros_seguro\venv\Lib\site-packages\django\template\base.py", line 1016, in render
    return SafeString("".join([node.render_annotated(context) for node in self]))
                               ~~~~~~~~~~~~~~~~~~~~~^^^^^^^^^
  File "C:\Users\rafco\Desktop\portal_libros_seguro\venv\Lib\site-packages\django\template\base.py", line 977, in render_annotated
    return self.render(context)
           ~~~~~~~~~~~^^^^^^^^^
  File "C:\Users\rafco\Desktop\portal_libros_seguro\venv\Lib\site-packages\django\template\loader_tags.py", line 134, in render
    compiled_parent = self.get_parent(context)
  File "C:\Users\rafco\Desktop\portal_libros_seguro\venv\Lib\site-packages\django\template\loader_tags.py", line 131, in get_parent
    return self.find_template(parent, context)
           ~~~~~~~~~~~~~~~~~~^^^^^^^^^^^^^^^^^
  File "C:\Users\rafco\Desktop\portal_libros_seguro\venv\Lib\site-packages\django\template\loader_tags.py", line 109, in find_template
    template, origin = context.template.engine.find_template(
                       ~~~~~~~~~~~~~~~~~~~~~~~~~~~~~~~~~~~~~^
        template_name,
        ^^^^^^^^^^^^^^
        skip=history,
        ^^^^^^^^^^^^^
    )
    ^
  File "C:\Users\rafco\Desktop\portal_libros_seguro\venv\Lib\site-packages\django\template\engine.py", line 163, in find_template
    raise TemplateDoesNotExist(name, tried=tried)
django.template.exceptions.TemplateDoesNotExist: base.html

The above exception was the direct cause of the following exception:

Traceback (most recent call last):
  File "C:\Users\rafco\Desktop\portal_libros_seguro\venv\Lib\site-packages\django\core\handlers\exception.py", line 55, in inner
    response = get_response(request)
  File "C:\Users\rafco\Desktop\portal_libros_seguro\venv\Lib\site-packages\django\core\handlers\base.py", line 220, in _get_response
    response = response.render()
  File "C:\Users\rafco\Desktop\portal_libros_seguro\venv\Lib\site-packages\django\template\response.py", line 114, in render
    self.content = self.rendered_content
                   ^^^^^^^^^^^^^^^^^^^^^
  File "C:\Users\rafco\Desktop\portal_libros_seguro\venv\Lib\site-packages\django\template\response.py", line 92, in rendered_content
    return template.render(context, self._request)
           ~~~~~~~~~~~~~~~^^^^^^^^^^^^^^^^^^^^^^^^
  File "C:\Users\rafco\Desktop\portal_libros_seguro\venv\Lib\site-packages\django\template\backends\django.py", line 109, in render
    reraise(exc, self.backend)
    ~~~~~~~^^^^^^^^^^^^^^^^^^^
  File "C:\Users\rafco\Desktop\portal_libros_seguro\venv\Lib\site-packages\django\template\backends\django.py", line 130, in reraise
    raise new from exc
django.template.exceptions.TemplateDoesNotExist: base.html
ERROR 2025-06-10 10:30:12,739 basehttp 4944 13408 "GET / HTTP/1.1" 500 128617
INFO 2025-06-10 10:30:12,902 views 4944 13408 Admin 'rafco' viendo todos los libros.
ERROR 2025-06-10 10:30:12,941 log 4944 13408 Internal Server Error: /
Traceback (most recent call last):
  File "C:\Users\rafco\Desktop\portal_libros_seguro\venv\Lib\site-packages\django\template\backends\django.py", line 107, in render
    return self.template.render(context)
           ~~~~~~~~~~~~~~~~~~~~^^^^^^^^^
  File "C:\Users\rafco\Desktop\portal_libros_seguro\venv\Lib\site-packages\django\template\base.py", line 171, in render
    return self._render(context)
           ~~~~~~~~~~~~^^^^^^^^^
  File "C:\Users\rafco\Desktop\portal_libros_seguro\venv\Lib\site-packages\django\template\base.py", line 163, in _render
    return self.nodelist.render(context)
           ~~~~~~~~~~~~~~~~~~~~^^^^^^^^^
  File "C:\Users\rafco\Desktop\portal_libros_seguro\venv\Lib\site-packages\django\template\base.py", line 1016, in render
    return SafeString("".join([node.render_annotated(context) for node in self]))
                               ~~~~~~~~~~~~~~~~~~~~~^^^^^^^^^
  File "C:\Users\rafco\Desktop\portal_libros_seguro\venv\Lib\site-packages\django\template\base.py", line 977, in render_annotated
    return self.render(context)
           ~~~~~~~~~~~^^^^^^^^^
  File "C:\Users\rafco\Desktop\portal_libros_seguro\venv\Lib\site-packages\django\template\loader_tags.py", line 134, in render
    compiled_parent = self.get_parent(context)
  File "C:\Users\rafco\Desktop\portal_libros_seguro\venv\Lib\site-packages\django\template\loader_tags.py", line 131, in get_parent
    return self.find_template(parent, context)
           ~~~~~~~~~~~~~~~~~~^^^^^^^^^^^^^^^^^
  File "C:\Users\rafco\Desktop\portal_libros_seguro\venv\Lib\site-packages\django\template\loader_tags.py", line 109, in find_template
    template, origin = context.template.engine.find_template(
                       ~~~~~~~~~~~~~~~~~~~~~~~~~~~~~~~~~~~~~^
        template_name,
        ^^^^^^^^^^^^^^
        skip=history,
        ^^^^^^^^^^^^^
    )
    ^
  File "C:\Users\rafco\Desktop\portal_libros_seguro\venv\Lib\site-packages\django\template\engine.py", line 163, in find_template
    raise TemplateDoesNotExist(name, tried=tried)
django.template.exceptions.TemplateDoesNotExist: base.html

The above exception was the direct cause of the following exception:

Traceback (most recent call last):
  File "C:\Users\rafco\Desktop\portal_libros_seguro\venv\Lib\site-packages\django\core\handlers\exception.py", line 55, in inner
    response = get_response(request)
  File "C:\Users\rafco\Desktop\portal_libros_seguro\venv\Lib\site-packages\django\core\handlers\base.py", line 220, in _get_response
    response = response.render()
  File "C:\Users\rafco\Desktop\portal_libros_seguro\venv\Lib\site-packages\django\template\response.py", line 114, in render
    self.content = self.rendered_content
                   ^^^^^^^^^^^^^^^^^^^^^
  File "C:\Users\rafco\Desktop\portal_libros_seguro\venv\Lib\site-packages\django\template\response.py", line 92, in rendered_content
    return template.render(context, self._request)
           ~~~~~~~~~~~~~~~^^^^^^^^^^^^^^^^^^^^^^^^
  File "C:\Users\rafco\Desktop\portal_libros_seguro\venv\Lib\site-packages\django\template\backends\django.py", line 109, in render
    reraise(exc, self.backend)
    ~~~~~~~^^^^^^^^^^^^^^^^^^^
  File "C:\Users\rafco\Desktop\portal_libros_seguro\venv\Lib\site-packages\django\template\backends\django.py", line 130, in reraise
    raise new from exc
django.template.exceptions.TemplateDoesNotExist: base.html
ERROR 2025-06-10 10:30:12,944 basehttp 4944 13408 "GET / HTTP/1.1" 500 128617
INFO 2025-06-10 10:30:13,102 views 4944 13408 Admin 'rafco' viendo todos los libros.
ERROR 2025-06-10 10:30:13,141 log 4944 13408 Internal Server Error: /
Traceback (most recent call last):
  File "C:\Users\rafco\Desktop\portal_libros_seguro\venv\Lib\site-packages\django\template\backends\django.py", line 107, in render
    return self.template.render(context)
           ~~~~~~~~~~~~~~~~~~~~^^^^^^^^^
  File "C:\Users\rafco\Desktop\portal_libros_seguro\venv\Lib\site-packages\django\template\base.py", line 171, in render
    return self._render(context)
           ~~~~~~~~~~~~^^^^^^^^^
  File "C:\Users\rafco\Desktop\portal_libros_seguro\venv\Lib\site-packages\django\template\base.py", line 163, in _render
    return self.nodelist.render(context)
           ~~~~~~~~~~~~~~~~~~~~^^^^^^^^^
  File "C:\Users\rafco\Desktop\portal_libros_seguro\venv\Lib\site-packages\django\template\base.py", line 1016, in render
    return SafeString("".join([node.render_annotated(context) for node in self]))
                               ~~~~~~~~~~~~~~~~~~~~~^^^^^^^^^
  File "C:\Users\rafco\Desktop\portal_libros_seguro\venv\Lib\site-packages\django\template\base.py", line 977, in render_annotated
    return self.render(context)
           ~~~~~~~~~~~^^^^^^^^^
  File "C:\Users\rafco\Desktop\portal_libros_seguro\venv\Lib\site-packages\django\template\loader_tags.py", line 134, in render
    compiled_parent = self.get_parent(context)
  File "C:\Users\rafco\Desktop\portal_libros_seguro\venv\Lib\site-packages\django\template\loader_tags.py", line 131, in get_parent
    return self.find_template(parent, context)
           ~~~~~~~~~~~~~~~~~~^^^^^^^^^^^^^^^^^
  File "C:\Users\rafco\Desktop\portal_libros_seguro\venv\Lib\site-packages\django\template\loader_tags.py", line 109, in find_template
    template, origin = context.template.engine.find_template(
                       ~~~~~~~~~~~~~~~~~~~~~~~~~~~~~~~~~~~~~^
        template_name,
        ^^^^^^^^^^^^^^
        skip=history,
        ^^^^^^^^^^^^^
    )
    ^
  File "C:\Users\rafco\Desktop\portal_libros_seguro\venv\Lib\site-packages\django\template\engine.py", line 163, in find_template
    raise TemplateDoesNotExist(name, tried=tried)
django.template.exceptions.TemplateDoesNotExist: base.html

The above exception was the direct cause of the following exception:

Traceback (most recent call last):
  File "C:\Users\rafco\Desktop\portal_libros_seguro\venv\Lib\site-packages\django\core\handlers\exception.py", line 55, in inner
    response = get_response(request)
  File "C:\Users\rafco\Desktop\portal_libros_seguro\venv\Lib\site-packages\django\core\handlers\base.py", line 220, in _get_response
    response = response.render()
  File "C:\Users\rafco\Desktop\portal_libros_seguro\venv\Lib\site-packages\django\template\response.py", line 114, in render
    self.content = self.rendered_content
                   ^^^^^^^^^^^^^^^^^^^^^
  File "C:\Users\rafco\Desktop\portal_libros_seguro\venv\Lib\site-packages\django\template\response.py", line 92, in rendered_content
    return template.render(context, self._request)
           ~~~~~~~~~~~~~~~^^^^^^^^^^^^^^^^^^^^^^^^
  File "C:\Users\rafco\Desktop\portal_libros_seguro\venv\Lib\site-packages\django\template\backends\django.py", line 109, in render
    reraise(exc, self.backend)
    ~~~~~~~^^^^^^^^^^^^^^^^^^^
  File "C:\Users\rafco\Desktop\portal_libros_seguro\venv\Lib\site-packages\django\template\backends\django.py", line 130, in reraise
    raise new from exc
django.template.exceptions.TemplateDoesNotExist: base.html
ERROR 2025-06-10 10:30:13,144 basehttp 4944 13408 "GET / HTTP/1.1" 500 128617
INFO 2025-06-10 10:30:13,294 views 4944 13408 Admin 'rafco' viendo todos los libros.
ERROR 2025-06-10 10:30:13,353 log 4944 13408 Internal Server Error: /
Traceback (most recent call last):
  File "C:\Users\rafco\Desktop\portal_libros_seguro\venv\Lib\site-packages\django\template\backends\django.py", line 107, in render
    return self.template.render(context)
           ~~~~~~~~~~~~~~~~~~~~^^^^^^^^^
  File "C:\Users\rafco\Desktop\portal_libros_seguro\venv\Lib\site-packages\django\template\base.py", line 171, in render
    return self._render(context)
           ~~~~~~~~~~~~^^^^^^^^^
  File "C:\Users\rafco\Desktop\portal_libros_seguro\venv\Lib\site-packages\django\template\base.py", line 163, in _render
    return self.nodelist.render(context)
           ~~~~~~~~~~~~~~~~~~~~^^^^^^^^^
  File "C:\Users\rafco\Desktop\portal_libros_seguro\venv\Lib\site-packages\django\template\base.py", line 1016, in render
    return SafeString("".join([node.render_annotated(context) for node in self]))
                               ~~~~~~~~~~~~~~~~~~~~~^^^^^^^^^
  File "C:\Users\rafco\Desktop\portal_libros_seguro\venv\Lib\site-packages\django\template\base.py", line 977, in render_annotated
    return self.render(context)
           ~~~~~~~~~~~^^^^^^^^^
  File "C:\Users\rafco\Desktop\portal_libros_seguro\venv\Lib\site-packages\django\template\loader_tags.py", line 134, in render
    compiled_parent = self.get_parent(context)
  File "C:\Users\rafco\Desktop\portal_libros_seguro\venv\Lib\site-packages\django\template\loader_tags.py", line 131, in get_parent
    return self.find_template(parent, context)
           ~~~~~~~~~~~~~~~~~~^^^^^^^^^^^^^^^^^
  File "C:\Users\rafco\Desktop\portal_libros_seguro\venv\Lib\site-packages\django\template\loader_tags.py", line 109, in find_template
    template, origin = context.template.engine.find_template(
                       ~~~~~~~~~~~~~~~~~~~~~~~~~~~~~~~~~~~~~^
        template_name,
        ^^^^^^^^^^^^^^
        skip=history,
        ^^^^^^^^^^^^^
    )
    ^
  File "C:\Users\rafco\Desktop\portal_libros_seguro\venv\Lib\site-packages\django\template\engine.py", line 163, in find_template
    raise TemplateDoesNotExist(name, tried=tried)
django.template.exceptions.TemplateDoesNotExist: base.html

The above exception was the direct cause of the following exception:

Traceback (most recent call last):
  File "C:\Users\rafco\Desktop\portal_libros_seguro\venv\Lib\site-packages\django\core\handlers\exception.py", line 55, in inner
    response = get_response(request)
  File "C:\Users\rafco\Desktop\portal_libros_seguro\venv\Lib\site-packages\django\core\handlers\base.py", line 220, in _get_response
    response = response.render()
  File "C:\Users\rafco\Desktop\portal_libros_seguro\venv\Lib\site-packages\django\template\response.py", line 114, in render
    self.content = self.rendered_content
                   ^^^^^^^^^^^^^^^^^^^^^
  File "C:\Users\rafco\Desktop\portal_libros_seguro\venv\Lib\site-packages\django\template\response.py", line 92, in rendered_content
    return template.render(context, self._request)
           ~~~~~~~~~~~~~~~^^^^^^^^^^^^^^^^^^^^^^^^
  File "C:\Users\rafco\Desktop\portal_libros_seguro\venv\Lib\site-packages\django\template\backends\django.py", line 109, in render
    reraise(exc, self.backend)
    ~~~~~~~^^^^^^^^^^^^^^^^^^^
  File "C:\Users\rafco\Desktop\portal_libros_seguro\venv\Lib\site-packages\django\template\backends\django.py", line 130, in reraise
    raise new from exc
django.template.exceptions.TemplateDoesNotExist: base.html
ERROR 2025-06-10 10:30:13,357 basehttp 4944 13408 "GET / HTTP/1.1" 500 128617
INFO 2025-06-10 10:30:13,493 views 4944 13408 Admin 'rafco' viendo todos los libros.
ERROR 2025-06-10 10:30:13,534 log 4944 13408 Internal Server Error: /
Traceback (most recent call last):
  File "C:\Users\rafco\Desktop\portal_libros_seguro\venv\Lib\site-packages\django\template\backends\django.py", line 107, in render
    return self.template.render(context)
           ~~~~~~~~~~~~~~~~~~~~^^^^^^^^^
  File "C:\Users\rafco\Desktop\portal_libros_seguro\venv\Lib\site-packages\django\template\base.py", line 171, in render
    return self._render(context)
           ~~~~~~~~~~~~^^^^^^^^^
  File "C:\Users\rafco\Desktop\portal_libros_seguro\venv\Lib\site-packages\django\template\base.py", line 163, in _render
    return self.nodelist.render(context)
           ~~~~~~~~~~~~~~~~~~~~^^^^^^^^^
  File "C:\Users\rafco\Desktop\portal_libros_seguro\venv\Lib\site-packages\django\template\base.py", line 1016, in render
    return SafeString("".join([node.render_annotated(context) for node in self]))
                               ~~~~~~~~~~~~~~~~~~~~~^^^^^^^^^
  File "C:\Users\rafco\Desktop\portal_libros_seguro\venv\Lib\site-packages\django\template\base.py", line 977, in render_annotated
    return self.render(context)
           ~~~~~~~~~~~^^^^^^^^^
  File "C:\Users\rafco\Desktop\portal_libros_seguro\venv\Lib\site-packages\django\template\loader_tags.py", line 134, in render
    compiled_parent = self.get_parent(context)
  File "C:\Users\rafco\Desktop\portal_libros_seguro\venv\Lib\site-packages\django\template\loader_tags.py", line 131, in get_parent
    return self.find_template(parent, context)
           ~~~~~~~~~~~~~~~~~~^^^^^^^^^^^^^^^^^
  File "C:\Users\rafco\Desktop\portal_libros_seguro\venv\Lib\site-packages\django\template\loader_tags.py", line 109, in find_template
    template, origin = context.template.engine.find_template(
                       ~~~~~~~~~~~~~~~~~~~~~~~~~~~~~~~~~~~~~^
        template_name,
        ^^^^^^^^^^^^^^
        skip=history,
        ^^^^^^^^^^^^^
    )
    ^
  File "C:\Users\rafco\Desktop\portal_libros_seguro\venv\Lib\site-packages\django\template\engine.py", line 163, in find_template
    raise TemplateDoesNotExist(name, tried=tried)
django.template.exceptions.TemplateDoesNotExist: base.html

The above exception was the direct cause of the following exception:

Traceback (most recent call last):
  File "C:\Users\rafco\Desktop\portal_libros_seguro\venv\Lib\site-packages\django\core\handlers\exception.py", line 55, in inner
    response = get_response(request)
  File "C:\Users\rafco\Desktop\portal_libros_seguro\venv\Lib\site-packages\django\core\handlers\base.py", line 220, in _get_response
    response = response.render()
  File "C:\Users\rafco\Desktop\portal_libros_seguro\venv\Lib\site-packages\django\template\response.py", line 114, in render
    self.content = self.rendered_content
                   ^^^^^^^^^^^^^^^^^^^^^
  File "C:\Users\rafco\Desktop\portal_libros_seguro\venv\Lib\site-packages\django\template\response.py", line 92, in rendered_content
    return template.render(context, self._request)
           ~~~~~~~~~~~~~~~^^^^^^^^^^^^^^^^^^^^^^^^
  File "C:\Users\rafco\Desktop\portal_libros_seguro\venv\Lib\site-packages\django\template\backends\django.py", line 109, in render
    reraise(exc, self.backend)
    ~~~~~~~^^^^^^^^^^^^^^^^^^^
  File "C:\Users\rafco\Desktop\portal_libros_seguro\venv\Lib\site-packages\django\template\backends\django.py", line 130, in reraise
    raise new from exc
django.template.exceptions.TemplateDoesNotExist: base.html
ERROR 2025-06-10 10:30:13,537 basehttp 4944 13408 "GET / HTTP/1.1" 500 128617
INFO 2025-06-10 10:30:13,686 views 4944 13408 Admin 'rafco' viendo todos los libros.
ERROR 2025-06-10 10:30:13,730 log 4944 13408 Internal Server Error: /
Traceback (most recent call last):
  File "C:\Users\rafco\Desktop\portal_libros_seguro\venv\Lib\site-packages\django\template\backends\django.py", line 107, in render
    return self.template.render(context)
           ~~~~~~~~~~~~~~~~~~~~^^^^^^^^^
  File "C:\Users\rafco\Desktop\portal_libros_seguro\venv\Lib\site-packages\django\template\base.py", line 171, in render
    return self._render(context)
           ~~~~~~~~~~~~^^^^^^^^^
  File "C:\Users\rafco\Desktop\portal_libros_seguro\venv\Lib\site-packages\django\template\base.py", line 163, in _render
    return self.nodelist.render(context)
           ~~~~~~~~~~~~~~~~~~~~^^^^^^^^^
  File "C:\Users\rafco\Desktop\portal_libros_seguro\venv\Lib\site-packages\django\template\base.py", line 1016, in render
    return SafeString("".join([node.render_annotated(context) for node in self]))
                               ~~~~~~~~~~~~~~~~~~~~~^^^^^^^^^
  File "C:\Users\rafco\Desktop\portal_libros_seguro\venv\Lib\site-packages\django\template\base.py", line 977, in render_annotated
    return self.render(context)
           ~~~~~~~~~~~^^^^^^^^^
  File "C:\Users\rafco\Desktop\portal_libros_seguro\venv\Lib\site-packages\django\template\loader_tags.py", line 134, in render
    compiled_parent = self.get_parent(context)
  File "C:\Users\rafco\Desktop\portal_libros_seguro\venv\Lib\site-packages\django\template\loader_tags.py", line 131, in get_parent
    return self.find_template(parent, context)
           ~~~~~~~~~~~~~~~~~~^^^^^^^^^^^^^^^^^
  File "C:\Users\rafco\Desktop\portal_libros_seguro\venv\Lib\site-packages\django\template\loader_tags.py", line 109, in find_template
    template, origin = context.template.engine.find_template(
                       ~~~~~~~~~~~~~~~~~~~~~~~~~~~~~~~~~~~~~^
        template_name,
        ^^^^^^^^^^^^^^
        skip=history,
        ^^^^^^^^^^^^^
    )
    ^
  File "C:\Users\rafco\Desktop\portal_libros_seguro\venv\Lib\site-packages\django\template\engine.py", line 163, in find_template
    raise TemplateDoesNotExist(name, tried=tried)
django.template.exceptions.TemplateDoesNotExist: base.html

The above exception was the direct cause of the following exception:

Traceback (most recent call last):
  File "C:\Users\rafco\Desktop\portal_libros_seguro\venv\Lib\site-packages\django\core\handlers\exception.py", line 55, in inner
    response = get_response(request)
  File "C:\Users\rafco\Desktop\portal_libros_seguro\venv\Lib\site-packages\django\core\handlers\base.py", line 220, in _get_response
    response = response.render()
  File "C:\Users\rafco\Desktop\portal_libros_seguro\venv\Lib\site-packages\django\template\response.py", line 114, in render
    self.content = self.rendered_content
                   ^^^^^^^^^^^^^^^^^^^^^
  File "C:\Users\rafco\Desktop\portal_libros_seguro\venv\Lib\site-packages\django\template\response.py", line 92, in rendered_content
    return template.render(context, self._request)
           ~~~~~~~~~~~~~~~^^^^^^^^^^^^^^^^^^^^^^^^
  File "C:\Users\rafco\Desktop\portal_libros_seguro\venv\Lib\site-packages\django\template\backends\django.py", line 109, in render
    reraise(exc, self.backend)
    ~~~~~~~^^^^^^^^^^^^^^^^^^^
  File "C:\Users\rafco\Desktop\portal_libros_seguro\venv\Lib\site-packages\django\template\backends\django.py", line 130, in reraise
    raise new from exc
django.template.exceptions.TemplateDoesNotExist: base.html
ERROR 2025-06-10 10:30:13,734 basehttp 4944 13408 "GET / HTTP/1.1" 500 128617
INFO 2025-06-10 10:30:13,878 views 4944 13408 Admin 'rafco' viendo todos los libros.
ERROR 2025-06-10 10:30:13,925 log 4944 13408 Internal Server Error: /
Traceback (most recent call last):
  File "C:\Users\rafco\Desktop\portal_libros_seguro\venv\Lib\site-packages\django\template\backends\django.py", line 107, in render
    return self.template.render(context)
           ~~~~~~~~~~~~~~~~~~~~^^^^^^^^^
  File "C:\Users\rafco\Desktop\portal_libros_seguro\venv\Lib\site-packages\django\template\base.py", line 171, in render
    return self._render(context)
           ~~~~~~~~~~~~^^^^^^^^^
  File "C:\Users\rafco\Desktop\portal_libros_seguro\venv\Lib\site-packages\django\template\base.py", line 163, in _render
    return self.nodelist.render(context)
           ~~~~~~~~~~~~~~~~~~~~^^^^^^^^^
  File "C:\Users\rafco\Desktop\portal_libros_seguro\venv\Lib\site-packages\django\template\base.py", line 1016, in render
    return SafeString("".join([node.render_annotated(context) for node in self]))
                               ~~~~~~~~~~~~~~~~~~~~~^^^^^^^^^
  File "C:\Users\rafco\Desktop\portal_libros_seguro\venv\Lib\site-packages\django\template\base.py", line 977, in render_annotated
    return self.render(context)
           ~~~~~~~~~~~^^^^^^^^^
  File "C:\Users\rafco\Desktop\portal_libros_seguro\venv\Lib\site-packages\django\template\loader_tags.py", line 134, in render
    compiled_parent = self.get_parent(context)
  File "C:\Users\rafco\Desktop\portal_libros_seguro\venv\Lib\site-packages\django\template\loader_tags.py", line 131, in get_parent
    return self.find_template(parent, context)
           ~~~~~~~~~~~~~~~~~~^^^^^^^^^^^^^^^^^
  File "C:\Users\rafco\Desktop\portal_libros_seguro\venv\Lib\site-packages\django\template\loader_tags.py", line 109, in find_template
    template, origin = context.template.engine.find_template(
                       ~~~~~~~~~~~~~~~~~~~~~~~~~~~~~~~~~~~~~^
        template_name,
        ^^^^^^^^^^^^^^
        skip=history,
        ^^^^^^^^^^^^^
    )
    ^
  File "C:\Users\rafco\Desktop\portal_libros_seguro\venv\Lib\site-packages\django\template\engine.py", line 163, in find_template
    raise TemplateDoesNotExist(name, tried=tried)
django.template.exceptions.TemplateDoesNotExist: base.html

The above exception was the direct cause of the following exception:

Traceback (most recent call last):
  File "C:\Users\rafco\Desktop\portal_libros_seguro\venv\Lib\site-packages\django\core\handlers\exception.py", line 55, in inner
    response = get_response(request)
  File "C:\Users\rafco\Desktop\portal_libros_seguro\venv\Lib\site-packages\django\core\handlers\base.py", line 220, in _get_response
    response = response.render()
  File "C:\Users\rafco\Desktop\portal_libros_seguro\venv\Lib\site-packages\django\template\response.py", line 114, in render
    self.content = self.rendered_content
                   ^^^^^^^^^^^^^^^^^^^^^
  File "C:\Users\rafco\Desktop\portal_libros_seguro\venv\Lib\site-packages\django\template\response.py", line 92, in rendered_content
    return template.render(context, self._request)
           ~~~~~~~~~~~~~~~^^^^^^^^^^^^^^^^^^^^^^^^
  File "C:\Users\rafco\Desktop\portal_libros_seguro\venv\Lib\site-packages\django\template\backends\django.py", line 109, in render
    reraise(exc, self.backend)
    ~~~~~~~^^^^^^^^^^^^^^^^^^^
  File "C:\Users\rafco\Desktop\portal_libros_seguro\venv\Lib\site-packages\django\template\backends\django.py", line 130, in reraise
    raise new from exc
django.template.exceptions.TemplateDoesNotExist: base.html
ERROR 2025-06-10 10:30:13,929 basehttp 4944 13408 "GET / HTTP/1.1" 500 128617
INFO 2025-06-10 10:30:14,061 views 4944 13408 Admin 'rafco' viendo todos los libros.
ERROR 2025-06-10 10:30:14,104 log 4944 13408 Internal Server Error: /
Traceback (most recent call last):
  File "C:\Users\rafco\Desktop\portal_libros_seguro\venv\Lib\site-packages\django\template\backends\django.py", line 107, in render
    return self.template.render(context)
           ~~~~~~~~~~~~~~~~~~~~^^^^^^^^^
  File "C:\Users\rafco\Desktop\portal_libros_seguro\venv\Lib\site-packages\django\template\base.py", line 171, in render
    return self._render(context)
           ~~~~~~~~~~~~^^^^^^^^^
  File "C:\Users\rafco\Desktop\portal_libros_seguro\venv\Lib\site-packages\django\template\base.py", line 163, in _render
    return self.nodelist.render(context)
           ~~~~~~~~~~~~~~~~~~~~^^^^^^^^^
  File "C:\Users\rafco\Desktop\portal_libros_seguro\venv\Lib\site-packages\django\template\base.py", line 1016, in render
    return SafeString("".join([node.render_annotated(context) for node in self]))
                               ~~~~~~~~~~~~~~~~~~~~~^^^^^^^^^
  File "C:\Users\rafco\Desktop\portal_libros_seguro\venv\Lib\site-packages\django\template\base.py", line 977, in render_annotated
    return self.render(context)
           ~~~~~~~~~~~^^^^^^^^^
  File "C:\Users\rafco\Desktop\portal_libros_seguro\venv\Lib\site-packages\django\template\loader_tags.py", line 134, in render
    compiled_parent = self.get_parent(context)
  File "C:\Users\rafco\Desktop\portal_libros_seguro\venv\Lib\site-packages\django\template\loader_tags.py", line 131, in get_parent
    return self.find_template(parent, context)
           ~~~~~~~~~~~~~~~~~~^^^^^^^^^^^^^^^^^
  File "C:\Users\rafco\Desktop\portal_libros_seguro\venv\Lib\site-packages\django\template\loader_tags.py", line 109, in find_template
    template, origin = context.template.engine.find_template(
                       ~~~~~~~~~~~~~~~~~~~~~~~~~~~~~~~~~~~~~^
        template_name,
        ^^^^^^^^^^^^^^
        skip=history,
        ^^^^^^^^^^^^^
    )
    ^
  File "C:\Users\rafco\Desktop\portal_libros_seguro\venv\Lib\site-packages\django\template\engine.py", line 163, in find_template
    raise TemplateDoesNotExist(name, tried=tried)
django.template.exceptions.TemplateDoesNotExist: base.html

The above exception was the direct cause of the following exception:

Traceback (most recent call last):
  File "C:\Users\rafco\Desktop\portal_libros_seguro\venv\Lib\site-packages\django\core\handlers\exception.py", line 55, in inner
    response = get_response(request)
  File "C:\Users\rafco\Desktop\portal_libros_seguro\venv\Lib\site-packages\django\core\handlers\base.py", line 220, in _get_response
    response = response.render()
  File "C:\Users\rafco\Desktop\portal_libros_seguro\venv\Lib\site-packages\django\template\response.py", line 114, in render
    self.content = self.rendered_content
                   ^^^^^^^^^^^^^^^^^^^^^
  File "C:\Users\rafco\Desktop\portal_libros_seguro\venv\Lib\site-packages\django\template\response.py", line 92, in rendered_content
    return template.render(context, self._request)
           ~~~~~~~~~~~~~~~^^^^^^^^^^^^^^^^^^^^^^^^
  File "C:\Users\rafco\Desktop\portal_libros_seguro\venv\Lib\site-packages\django\template\backends\django.py", line 109, in render
    reraise(exc, self.backend)
    ~~~~~~~^^^^^^^^^^^^^^^^^^^
  File "C:\Users\rafco\Desktop\portal_libros_seguro\venv\Lib\site-packages\django\template\backends\django.py", line 130, in reraise
    raise new from exc
django.template.exceptions.TemplateDoesNotExist: base.html
ERROR 2025-06-10 10:30:14,107 basehttp 4944 13408 "GET / HTTP/1.1" 500 128617
INFO 2025-06-10 10:30:14,270 views 4944 13408 Admin 'rafco' viendo todos los libros.
ERROR 2025-06-10 10:30:14,311 log 4944 13408 Internal Server Error: /
Traceback (most recent call last):
  File "C:\Users\rafco\Desktop\portal_libros_seguro\venv\Lib\site-packages\django\template\backends\django.py", line 107, in render
    return self.template.render(context)
           ~~~~~~~~~~~~~~~~~~~~^^^^^^^^^
  File "C:\Users\rafco\Desktop\portal_libros_seguro\venv\Lib\site-packages\django\template\base.py", line 171, in render
    return self._render(context)
           ~~~~~~~~~~~~^^^^^^^^^
  File "C:\Users\rafco\Desktop\portal_libros_seguro\venv\Lib\site-packages\django\template\base.py", line 163, in _render
    return self.nodelist.render(context)
           ~~~~~~~~~~~~~~~~~~~~^^^^^^^^^
  File "C:\Users\rafco\Desktop\portal_libros_seguro\venv\Lib\site-packages\django\template\base.py", line 1016, in render
    return SafeString("".join([node.render_annotated(context) for node in self]))
                               ~~~~~~~~~~~~~~~~~~~~~^^^^^^^^^
  File "C:\Users\rafco\Desktop\portal_libros_seguro\venv\Lib\site-packages\django\template\base.py", line 977, in render_annotated
    return self.render(context)
           ~~~~~~~~~~~^^^^^^^^^
  File "C:\Users\rafco\Desktop\portal_libros_seguro\venv\Lib\site-packages\django\template\loader_tags.py", line 134, in render
    compiled_parent = self.get_parent(context)
  File "C:\Users\rafco\Desktop\portal_libros_seguro\venv\Lib\site-packages\django\template\loader_tags.py", line 131, in get_parent
    return self.find_template(parent, context)
           ~~~~~~~~~~~~~~~~~~^^^^^^^^^^^^^^^^^
  File "C:\Users\rafco\Desktop\portal_libros_seguro\venv\Lib\site-packages\django\template\loader_tags.py", line 109, in find_template
    template, origin = context.template.engine.find_template(
                       ~~~~~~~~~~~~~~~~~~~~~~~~~~~~~~~~~~~~~^
        template_name,
        ^^^^^^^^^^^^^^
        skip=history,
        ^^^^^^^^^^^^^
    )
    ^
  File "C:\Users\rafco\Desktop\portal_libros_seguro\venv\Lib\site-packages\django\template\engine.py", line 163, in find_template
    raise TemplateDoesNotExist(name, tried=tried)
django.template.exceptions.TemplateDoesNotExist: base.html

The above exception was the direct cause of the following exception:

Traceback (most recent call last):
  File "C:\Users\rafco\Desktop\portal_libros_seguro\venv\Lib\site-packages\django\core\handlers\exception.py", line 55, in inner
    response = get_response(request)
  File "C:\Users\rafco\Desktop\portal_libros_seguro\venv\Lib\site-packages\django\core\handlers\base.py", line 220, in _get_response
    response = response.render()
  File "C:\Users\rafco\Desktop\portal_libros_seguro\venv\Lib\site-packages\django\template\response.py", line 114, in render
    self.content = self.rendered_content
                   ^^^^^^^^^^^^^^^^^^^^^
  File "C:\Users\rafco\Desktop\portal_libros_seguro\venv\Lib\site-packages\django\template\response.py", line 92, in rendered_content
    return template.render(context, self._request)
           ~~~~~~~~~~~~~~~^^^^^^^^^^^^^^^^^^^^^^^^
  File "C:\Users\rafco\Desktop\portal_libros_seguro\venv\Lib\site-packages\django\template\backends\django.py", line 109, in render
    reraise(exc, self.backend)
    ~~~~~~~^^^^^^^^^^^^^^^^^^^
  File "C:\Users\rafco\Desktop\portal_libros_seguro\venv\Lib\site-packages\django\template\backends\django.py", line 130, in reraise
    raise new from exc
django.template.exceptions.TemplateDoesNotExist: base.html
ERROR 2025-06-10 10:30:14,316 basehttp 4944 13408 "GET / HTTP/1.1" 500 128617
INFO 2025-06-10 10:30:14,494 views 4944 13408 Admin 'rafco' viendo todos los libros.
ERROR 2025-06-10 10:30:14,536 log 4944 13408 Internal Server Error: /
Traceback (most recent call last):
  File "C:\Users\rafco\Desktop\portal_libros_seguro\venv\Lib\site-packages\django\template\backends\django.py", line 107, in render
    return self.template.render(context)
           ~~~~~~~~~~~~~~~~~~~~^^^^^^^^^
  File "C:\Users\rafco\Desktop\portal_libros_seguro\venv\Lib\site-packages\django\template\base.py", line 171, in render
    return self._render(context)
           ~~~~~~~~~~~~^^^^^^^^^
  File "C:\Users\rafco\Desktop\portal_libros_seguro\venv\Lib\site-packages\django\template\base.py", line 163, in _render
    return self.nodelist.render(context)
           ~~~~~~~~~~~~~~~~~~~~^^^^^^^^^
  File "C:\Users\rafco\Desktop\portal_libros_seguro\venv\Lib\site-packages\django\template\base.py", line 1016, in render
    return SafeString("".join([node.render_annotated(context) for node in self]))
                               ~~~~~~~~~~~~~~~~~~~~~^^^^^^^^^
  File "C:\Users\rafco\Desktop\portal_libros_seguro\venv\Lib\site-packages\django\template\base.py", line 977, in render_annotated
    return self.render(context)
           ~~~~~~~~~~~^^^^^^^^^
  File "C:\Users\rafco\Desktop\portal_libros_seguro\venv\Lib\site-packages\django\template\loader_tags.py", line 134, in render
    compiled_parent = self.get_parent(context)
  File "C:\Users\rafco\Desktop\portal_libros_seguro\venv\Lib\site-packages\django\template\loader_tags.py", line 131, in get_parent
    return self.find_template(parent, context)
           ~~~~~~~~~~~~~~~~~~^^^^^^^^^^^^^^^^^
  File "C:\Users\rafco\Desktop\portal_libros_seguro\venv\Lib\site-packages\django\template\loader_tags.py", line 109, in find_template
    template, origin = context.template.engine.find_template(
                       ~~~~~~~~~~~~~~~~~~~~~~~~~~~~~~~~~~~~~^
        template_name,
        ^^^^^^^^^^^^^^
        skip=history,
        ^^^^^^^^^^^^^
    )
    ^
  File "C:\Users\rafco\Desktop\portal_libros_seguro\venv\Lib\site-packages\django\template\engine.py", line 163, in find_template
    raise TemplateDoesNotExist(name, tried=tried)
django.template.exceptions.TemplateDoesNotExist: base.html

The above exception was the direct cause of the following exception:

Traceback (most recent call last):
  File "C:\Users\rafco\Desktop\portal_libros_seguro\venv\Lib\site-packages\django\core\handlers\exception.py", line 55, in inner
    response = get_response(request)
  File "C:\Users\rafco\Desktop\portal_libros_seguro\venv\Lib\site-packages\django\core\handlers\base.py", line 220, in _get_response
    response = response.render()
  File "C:\Users\rafco\Desktop\portal_libros_seguro\venv\Lib\site-packages\django\template\response.py", line 114, in render
    self.content = self.rendered_content
                   ^^^^^^^^^^^^^^^^^^^^^
  File "C:\Users\rafco\Desktop\portal_libros_seguro\venv\Lib\site-packages\django\template\response.py", line 92, in rendered_content
    return template.render(context, self._request)
           ~~~~~~~~~~~~~~~^^^^^^^^^^^^^^^^^^^^^^^^
  File "C:\Users\rafco\Desktop\portal_libros_seguro\venv\Lib\site-packages\django\template\backends\django.py", line 109, in render
    reraise(exc, self.backend)
    ~~~~~~~^^^^^^^^^^^^^^^^^^^
  File "C:\Users\rafco\Desktop\portal_libros_seguro\venv\Lib\site-packages\django\template\backends\django.py", line 130, in reraise
    raise new from exc
django.template.exceptions.TemplateDoesNotExist: base.html
ERROR 2025-06-10 10:30:14,539 basehttp 4944 13408 "GET / HTTP/1.1" 500 128617
INFO 2025-06-10 10:30:14,785 views 4944 13408 Admin 'rafco' viendo todos los libros.
ERROR 2025-06-10 10:30:14,828 log 4944 13408 Internal Server Error: /
Traceback (most recent call last):
  File "C:\Users\rafco\Desktop\portal_libros_seguro\venv\Lib\site-packages\django\template\backends\django.py", line 107, in render
    return self.template.render(context)
           ~~~~~~~~~~~~~~~~~~~~^^^^^^^^^
  File "C:\Users\rafco\Desktop\portal_libros_seguro\venv\Lib\site-packages\django\template\base.py", line 171, in render
    return self._render(context)
           ~~~~~~~~~~~~^^^^^^^^^
  File "C:\Users\rafco\Desktop\portal_libros_seguro\venv\Lib\site-packages\django\template\base.py", line 163, in _render
    return self.nodelist.render(context)
           ~~~~~~~~~~~~~~~~~~~~^^^^^^^^^
  File "C:\Users\rafco\Desktop\portal_libros_seguro\venv\Lib\site-packages\django\template\base.py", line 1016, in render
    return SafeString("".join([node.render_annotated(context) for node in self]))
                               ~~~~~~~~~~~~~~~~~~~~~^^^^^^^^^
  File "C:\Users\rafco\Desktop\portal_libros_seguro\venv\Lib\site-packages\django\template\base.py", line 977, in render_annotated
    return self.render(context)
           ~~~~~~~~~~~^^^^^^^^^
  File "C:\Users\rafco\Desktop\portal_libros_seguro\venv\Lib\site-packages\django\template\loader_tags.py", line 134, in render
    compiled_parent = self.get_parent(context)
  File "C:\Users\rafco\Desktop\portal_libros_seguro\venv\Lib\site-packages\django\template\loader_tags.py", line 131, in get_parent
    return self.find_template(parent, context)
           ~~~~~~~~~~~~~~~~~~^^^^^^^^^^^^^^^^^
  File "C:\Users\rafco\Desktop\portal_libros_seguro\venv\Lib\site-packages\django\template\loader_tags.py", line 109, in find_template
    template, origin = context.template.engine.find_template(
                       ~~~~~~~~~~~~~~~~~~~~~~~~~~~~~~~~~~~~~^
        template_name,
        ^^^^^^^^^^^^^^
        skip=history,
        ^^^^^^^^^^^^^
    )
    ^
  File "C:\Users\rafco\Desktop\portal_libros_seguro\venv\Lib\site-packages\django\template\engine.py", line 163, in find_template
    raise TemplateDoesNotExist(name, tried=tried)
django.template.exceptions.TemplateDoesNotExist: base.html

The above exception was the direct cause of the following exception:

Traceback (most recent call last):
  File "C:\Users\rafco\Desktop\portal_libros_seguro\venv\Lib\site-packages\django\core\handlers\exception.py", line 55, in inner
    response = get_response(request)
  File "C:\Users\rafco\Desktop\portal_libros_seguro\venv\Lib\site-packages\django\core\handlers\base.py", line 220, in _get_response
    response = response.render()
  File "C:\Users\rafco\Desktop\portal_libros_seguro\venv\Lib\site-packages\django\template\response.py", line 114, in render
    self.content = self.rendered_content
                   ^^^^^^^^^^^^^^^^^^^^^
  File "C:\Users\rafco\Desktop\portal_libros_seguro\venv\Lib\site-packages\django\template\response.py", line 92, in rendered_content
    return template.render(context, self._request)
           ~~~~~~~~~~~~~~~^^^^^^^^^^^^^^^^^^^^^^^^
  File "C:\Users\rafco\Desktop\portal_libros_seguro\venv\Lib\site-packages\django\template\backends\django.py", line 109, in render
    reraise(exc, self.backend)
    ~~~~~~~^^^^^^^^^^^^^^^^^^^
  File "C:\Users\rafco\Desktop\portal_libros_seguro\venv\Lib\site-packages\django\template\backends\django.py", line 130, in reraise
    raise new from exc
django.template.exceptions.TemplateDoesNotExist: base.html
ERROR 2025-06-10 10:30:14,833 basehttp 4944 13408 "GET / HTTP/1.1" 500 128617
INFO 2025-06-10 10:30:14,974 views 4944 13408 Admin 'rafco' viendo todos los libros.
ERROR 2025-06-10 10:30:15,020 log 4944 13408 Internal Server Error: /
Traceback (most recent call last):
  File "C:\Users\rafco\Desktop\portal_libros_seguro\venv\Lib\site-packages\django\template\backends\django.py", line 107, in render
    return self.template.render(context)
           ~~~~~~~~~~~~~~~~~~~~^^^^^^^^^
  File "C:\Users\rafco\Desktop\portal_libros_seguro\venv\Lib\site-packages\django\template\base.py", line 171, in render
    return self._render(context)
           ~~~~~~~~~~~~^^^^^^^^^
  File "C:\Users\rafco\Desktop\portal_libros_seguro\venv\Lib\site-packages\django\template\base.py", line 163, in _render
    return self.nodelist.render(context)
           ~~~~~~~~~~~~~~~~~~~~^^^^^^^^^
  File "C:\Users\rafco\Desktop\portal_libros_seguro\venv\Lib\site-packages\django\template\base.py", line 1016, in render
    return SafeString("".join([node.render_annotated(context) for node in self]))
                               ~~~~~~~~~~~~~~~~~~~~~^^^^^^^^^
  File "C:\Users\rafco\Desktop\portal_libros_seguro\venv\Lib\site-packages\django\template\base.py", line 977, in render_annotated
    return self.render(context)
           ~~~~~~~~~~~^^^^^^^^^
  File "C:\Users\rafco\Desktop\portal_libros_seguro\venv\Lib\site-packages\django\template\loader_tags.py", line 134, in render
    compiled_parent = self.get_parent(context)
  File "C:\Users\rafco\Desktop\portal_libros_seguro\venv\Lib\site-packages\django\template\loader_tags.py", line 131, in get_parent
    return self.find_template(parent, context)
           ~~~~~~~~~~~~~~~~~~^^^^^^^^^^^^^^^^^
  File "C:\Users\rafco\Desktop\portal_libros_seguro\venv\Lib\site-packages\django\template\loader_tags.py", line 109, in find_template
    template, origin = context.template.engine.find_template(
                       ~~~~~~~~~~~~~~~~~~~~~~~~~~~~~~~~~~~~~^
        template_name,
        ^^^^^^^^^^^^^^
        skip=history,
        ^^^^^^^^^^^^^
    )
    ^
  File "C:\Users\rafco\Desktop\portal_libros_seguro\venv\Lib\site-packages\django\template\engine.py", line 163, in find_template
    raise TemplateDoesNotExist(name, tried=tried)
django.template.exceptions.TemplateDoesNotExist: base.html

The above exception was the direct cause of the following exception:

Traceback (most recent call last):
  File "C:\Users\rafco\Desktop\portal_libros_seguro\venv\Lib\site-packages\django\core\handlers\exception.py", line 55, in inner
    response = get_response(request)
  File "C:\Users\rafco\Desktop\portal_libros_seguro\venv\Lib\site-packages\django\core\handlers\base.py", line 220, in _get_response
    response = response.render()
  File "C:\Users\rafco\Desktop\portal_libros_seguro\venv\Lib\site-packages\django\template\response.py", line 114, in render
    self.content = self.rendered_content
                   ^^^^^^^^^^^^^^^^^^^^^
  File "C:\Users\rafco\Desktop\portal_libros_seguro\venv\Lib\site-packages\django\template\response.py", line 92, in rendered_content
    return template.render(context, self._request)
           ~~~~~~~~~~~~~~~^^^^^^^^^^^^^^^^^^^^^^^^
  File "C:\Users\rafco\Desktop\portal_libros_seguro\venv\Lib\site-packages\django\template\backends\django.py", line 109, in render
    reraise(exc, self.backend)
    ~~~~~~~^^^^^^^^^^^^^^^^^^^
  File "C:\Users\rafco\Desktop\portal_libros_seguro\venv\Lib\site-packages\django\template\backends\django.py", line 130, in reraise
    raise new from exc
django.template.exceptions.TemplateDoesNotExist: base.html
ERROR 2025-06-10 10:30:15,023 basehttp 4944 13408 "GET / HTTP/1.1" 500 128617
INFO 2025-06-10 10:30:15,157 views 4944 13408 Admin 'rafco' viendo todos los libros.
ERROR 2025-06-10 10:30:15,201 log 4944 13408 Internal Server Error: /
Traceback (most recent call last):
  File "C:\Users\rafco\Desktop\portal_libros_seguro\venv\Lib\site-packages\django\template\backends\django.py", line 107, in render
    return self.template.render(context)
           ~~~~~~~~~~~~~~~~~~~~^^^^^^^^^
  File "C:\Users\rafco\Desktop\portal_libros_seguro\venv\Lib\site-packages\django\template\base.py", line 171, in render
    return self._render(context)
           ~~~~~~~~~~~~^^^^^^^^^
  File "C:\Users\rafco\Desktop\portal_libros_seguro\venv\Lib\site-packages\django\template\base.py", line 163, in _render
    return self.nodelist.render(context)
           ~~~~~~~~~~~~~~~~~~~~^^^^^^^^^
  File "C:\Users\rafco\Desktop\portal_libros_seguro\venv\Lib\site-packages\django\template\base.py", line 1016, in render
    return SafeString("".join([node.render_annotated(context) for node in self]))
                               ~~~~~~~~~~~~~~~~~~~~~^^^^^^^^^
  File "C:\Users\rafco\Desktop\portal_libros_seguro\venv\Lib\site-packages\django\template\base.py", line 977, in render_annotated
    return self.render(context)
           ~~~~~~~~~~~^^^^^^^^^
  File "C:\Users\rafco\Desktop\portal_libros_seguro\venv\Lib\site-packages\django\template\loader_tags.py", line 134, in render
    compiled_parent = self.get_parent(context)
  File "C:\Users\rafco\Desktop\portal_libros_seguro\venv\Lib\site-packages\django\template\loader_tags.py", line 131, in get_parent
    return self.find_template(parent, context)
           ~~~~~~~~~~~~~~~~~~^^^^^^^^^^^^^^^^^
  File "C:\Users\rafco\Desktop\portal_libros_seguro\venv\Lib\site-packages\django\template\loader_tags.py", line 109, in find_template
    template, origin = context.template.engine.find_template(
                       ~~~~~~~~~~~~~~~~~~~~~~~~~~~~~~~~~~~~~^
        template_name,
        ^^^^^^^^^^^^^^
        skip=history,
        ^^^^^^^^^^^^^
    )
    ^
  File "C:\Users\rafco\Desktop\portal_libros_seguro\venv\Lib\site-packages\django\template\engine.py", line 163, in find_template
    raise TemplateDoesNotExist(name, tried=tried)
django.template.exceptions.TemplateDoesNotExist: base.html

The above exception was the direct cause of the following exception:

Traceback (most recent call last):
  File "C:\Users\rafco\Desktop\portal_libros_seguro\venv\Lib\site-packages\django\core\handlers\exception.py", line 55, in inner
    response = get_response(request)
  File "C:\Users\rafco\Desktop\portal_libros_seguro\venv\Lib\site-packages\django\core\handlers\base.py", line 220, in _get_response
    response = response.render()
  File "C:\Users\rafco\Desktop\portal_libros_seguro\venv\Lib\site-packages\django\template\response.py", line 114, in render
    self.content = self.rendered_content
                   ^^^^^^^^^^^^^^^^^^^^^
  File "C:\Users\rafco\Desktop\portal_libros_seguro\venv\Lib\site-packages\django\template\response.py", line 92, in rendered_content
    return template.render(context, self._request)
           ~~~~~~~~~~~~~~~^^^^^^^^^^^^^^^^^^^^^^^^
  File "C:\Users\rafco\Desktop\portal_libros_seguro\venv\Lib\site-packages\django\template\backends\django.py", line 109, in render
    reraise(exc, self.backend)
    ~~~~~~~^^^^^^^^^^^^^^^^^^^
  File "C:\Users\rafco\Desktop\portal_libros_seguro\venv\Lib\site-packages\django\template\backends\django.py", line 130, in reraise
    raise new from exc
django.template.exceptions.TemplateDoesNotExist: base.html
ERROR 2025-06-10 10:30:15,204 basehttp 4944 13408 "GET / HTTP/1.1" 500 128617
INFO 2025-06-10 10:30:15,881 views 4944 13408 Admin 'rafco' viendo todos los libros.
ERROR 2025-06-10 10:30:15,927 log 4944 13408 Internal Server Error: /
Traceback (most recent call last):
  File "C:\Users\rafco\Desktop\portal_libros_seguro\venv\Lib\site-packages\django\template\backends\django.py", line 107, in render
    return self.template.render(context)
           ~~~~~~~~~~~~~~~~~~~~^^^^^^^^^
  File "C:\Users\rafco\Desktop\portal_libros_seguro\venv\Lib\site-packages\django\template\base.py", line 171, in render
    return self._render(context)
           ~~~~~~~~~~~~^^^^^^^^^
  File "C:\Users\rafco\Desktop\portal_libros_seguro\venv\Lib\site-packages\django\template\base.py", line 163, in _render
    return self.nodelist.render(context)
           ~~~~~~~~~~~~~~~~~~~~^^^^^^^^^
  File "C:\Users\rafco\Desktop\portal_libros_seguro\venv\Lib\site-packages\django\template\base.py", line 1016, in render
    return SafeString("".join([node.render_annotated(context) for node in self]))
                               ~~~~~~~~~~~~~~~~~~~~~^^^^^^^^^
  File "C:\Users\rafco\Desktop\portal_libros_seguro\venv\Lib\site-packages\django\template\base.py", line 977, in render_annotated
    return self.render(context)
           ~~~~~~~~~~~^^^^^^^^^
  File "C:\Users\rafco\Desktop\portal_libros_seguro\venv\Lib\site-packages\django\template\loader_tags.py", line 134, in render
    compiled_parent = self.get_parent(context)
  File "C:\Users\rafco\Desktop\portal_libros_seguro\venv\Lib\site-packages\django\template\loader_tags.py", line 131, in get_parent
    return self.find_template(parent, context)
           ~~~~~~~~~~~~~~~~~~^^^^^^^^^^^^^^^^^
  File "C:\Users\rafco\Desktop\portal_libros_seguro\venv\Lib\site-packages\django\template\loader_tags.py", line 109, in find_template
    template, origin = context.template.engine.find_template(
                       ~~~~~~~~~~~~~~~~~~~~~~~~~~~~~~~~~~~~~^
        template_name,
        ^^^^^^^^^^^^^^
        skip=history,
        ^^^^^^^^^^^^^
    )
    ^
  File "C:\Users\rafco\Desktop\portal_libros_seguro\venv\Lib\site-packages\django\template\engine.py", line 163, in find_template
    raise TemplateDoesNotExist(name, tried=tried)
django.template.exceptions.TemplateDoesNotExist: base.html

The above exception was the direct cause of the following exception:

Traceback (most recent call last):
  File "C:\Users\rafco\Desktop\portal_libros_seguro\venv\Lib\site-packages\django\core\handlers\exception.py", line 55, in inner
    response = get_response(request)
  File "C:\Users\rafco\Desktop\portal_libros_seguro\venv\Lib\site-packages\django\core\handlers\base.py", line 220, in _get_response
    response = response.render()
  File "C:\Users\rafco\Desktop\portal_libros_seguro\venv\Lib\site-packages\django\template\response.py", line 114, in render
    self.content = self.rendered_content
                   ^^^^^^^^^^^^^^^^^^^^^
  File "C:\Users\rafco\Desktop\portal_libros_seguro\venv\Lib\site-packages\django\template\response.py", line 92, in rendered_content
    return template.render(context, self._request)
           ~~~~~~~~~~~~~~~^^^^^^^^^^^^^^^^^^^^^^^^
  File "C:\Users\rafco\Desktop\portal_libros_seguro\venv\Lib\site-packages\django\template\backends\django.py", line 109, in render
    reraise(exc, self.backend)
    ~~~~~~~^^^^^^^^^^^^^^^^^^^
  File "C:\Users\rafco\Desktop\portal_libros_seguro\venv\Lib\site-packages\django\template\backends\django.py", line 130, in reraise
    raise new from exc
django.template.exceptions.TemplateDoesNotExist: base.html
ERROR 2025-06-10 10:30:15,933 basehttp 4944 13408 "GET / HTTP/1.1" 500 128617
INFO 2025-06-10 10:30:16,535 views 4944 13408 Admin 'rafco' viendo todos los libros.
ERROR 2025-06-10 10:30:16,580 log 4944 13408 Internal Server Error: /
Traceback (most recent call last):
  File "C:\Users\rafco\Desktop\portal_libros_seguro\venv\Lib\site-packages\django\template\backends\django.py", line 107, in render
    return self.template.render(context)
           ~~~~~~~~~~~~~~~~~~~~^^^^^^^^^
  File "C:\Users\rafco\Desktop\portal_libros_seguro\venv\Lib\site-packages\django\template\base.py", line 171, in render
    return self._render(context)
           ~~~~~~~~~~~~^^^^^^^^^
  File "C:\Users\rafco\Desktop\portal_libros_seguro\venv\Lib\site-packages\django\template\base.py", line 163, in _render
    return self.nodelist.render(context)
           ~~~~~~~~~~~~~~~~~~~~^^^^^^^^^
  File "C:\Users\rafco\Desktop\portal_libros_seguro\venv\Lib\site-packages\django\template\base.py", line 1016, in render
    return SafeString("".join([node.render_annotated(context) for node in self]))
                               ~~~~~~~~~~~~~~~~~~~~~^^^^^^^^^
  File "C:\Users\rafco\Desktop\portal_libros_seguro\venv\Lib\site-packages\django\template\base.py", line 977, in render_annotated
    return self.render(context)
           ~~~~~~~~~~~^^^^^^^^^
  File "C:\Users\rafco\Desktop\portal_libros_seguro\venv\Lib\site-packages\django\template\loader_tags.py", line 134, in render
    compiled_parent = self.get_parent(context)
  File "C:\Users\rafco\Desktop\portal_libros_seguro\venv\Lib\site-packages\django\template\loader_tags.py", line 131, in get_parent
    return self.find_template(parent, context)
           ~~~~~~~~~~~~~~~~~~^^^^^^^^^^^^^^^^^
  File "C:\Users\rafco\Desktop\portal_libros_seguro\venv\Lib\site-packages\django\template\loader_tags.py", line 109, in find_template
    template, origin = context.template.engine.find_template(
                       ~~~~~~~~~~~~~~~~~~~~~~~~~~~~~~~~~~~~~^
        template_name,
        ^^^^^^^^^^^^^^
        skip=history,
        ^^^^^^^^^^^^^
    )
    ^
  File "C:\Users\rafco\Desktop\portal_libros_seguro\venv\Lib\site-packages\django\template\engine.py", line 163, in find_template
    raise TemplateDoesNotExist(name, tried=tried)
django.template.exceptions.TemplateDoesNotExist: base.html

The above exception was the direct cause of the following exception:

Traceback (most recent call last):
  File "C:\Users\rafco\Desktop\portal_libros_seguro\venv\Lib\site-packages\django\core\handlers\exception.py", line 55, in inner
    response = get_response(request)
  File "C:\Users\rafco\Desktop\portal_libros_seguro\venv\Lib\site-packages\django\core\handlers\base.py", line 220, in _get_response
    response = response.render()
  File "C:\Users\rafco\Desktop\portal_libros_seguro\venv\Lib\site-packages\django\template\response.py", line 114, in render
    self.content = self.rendered_content
                   ^^^^^^^^^^^^^^^^^^^^^
  File "C:\Users\rafco\Desktop\portal_libros_seguro\venv\Lib\site-packages\django\template\response.py", line 92, in rendered_content
    return template.render(context, self._request)
           ~~~~~~~~~~~~~~~^^^^^^^^^^^^^^^^^^^^^^^^
  File "C:\Users\rafco\Desktop\portal_libros_seguro\venv\Lib\site-packages\django\template\backends\django.py", line 109, in render
    reraise(exc, self.backend)
    ~~~~~~~^^^^^^^^^^^^^^^^^^^
  File "C:\Users\rafco\Desktop\portal_libros_seguro\venv\Lib\site-packages\django\template\backends\django.py", line 130, in reraise
    raise new from exc
django.template.exceptions.TemplateDoesNotExist: base.html
ERROR 2025-06-10 10:30:16,586 basehttp 4944 13408 "GET / HTTP/1.1" 500 128617
INFO 2025-06-10 10:31:38,184 views 4944 13408 Admin 'rafco' viendo todos los libros.
INFO 2025-06-10 10:31:38,195 basehttp 4944 13408 "GET / HTTP/1.1" 200 4419
INFO 2025-06-10 10:31:38,218 basehttp 4944 13408 "GET /media/portadas/como_funciona_RNN_-_P%C3%A1gina_1.png HTTP/1.1" 304 0
INFO 2025-06-10 10:31:55,176 views 4944 13408 Admin 'rafco' viendo todos los libros.
INFO 2025-06-10 10:31:55,181 basehttp 4944 13408 "GET / HTTP/1.1" 200 4419
INFO 2025-06-10 10:31:59,010 basehttp 4944 13408 "GET /libro/crear/ HTTP/1.1" 200 6623
INFO 2025-06-10 10:32:04,816 views 4944 13408 Admin 'rafco' viendo todos los libros.
INFO 2025-06-10 10:32:04,820 basehttp 4944 13408 "GET / HTTP/1.1" 200 4419
WARNING 2025-06-10 10:32:18,150 log 4944 13408 Method Not Allowed (GET): /accounts/logout/
WARNING 2025-06-10 10:32:18,151 basehttp 4944 13408 "GET /accounts/logout/ HTTP/1.1" 405 0
INFO 2025-06-10 10:32:25,779 basehttp 4944 13408 "GET /admin/ HTTP/1.1" 200 9150
INFO 2025-06-10 10:32:25,819 basehttp 4944 13408 "GET /static/admin/css/base.css HTTP/1.1" 304 0
INFO 2025-06-10 10:32:25,835 basehttp 4944 13408 "GET /static/admin/css/dark_mode.css HTTP/1.1" 304 0
INFO 2025-06-10 10:32:25,835 basehttp 4944 9192 "GET /static/admin/js/theme.js HTTP/1.1" 304 0
INFO 2025-06-10 10:32:25,836 basehttp 4944 11612 "GET /static/admin/css/dashboard.css HTTP/1.1" 304 0
INFO 2025-06-10 10:32:25,836 basehttp 4944 4208 "GET /static/admin/css/nav_sidebar.css HTTP/1.1" 304 0
INFO 2025-06-10 10:32:25,839 basehttp 4944 6260 "GET /static/admin/css/responsive.css HTTP/1.1" 304 0
INFO 2025-06-10 10:32:25,844 basehttp 4944 6260 "GET /static/admin/js/nav_sidebar.js HTTP/1.1" 304 0
INFO 2025-06-10 10:32:25,851 basehttp 4944 6260 "GET /static/admin/img/icon-addlink.svg HTTP/1.1" 304 0
INFO 2025-06-10 10:32:25,851 basehttp 4944 11612 "GET /static/admin/img/icon-changelink.svg HTTP/1.1" 304 0
WARNING 2025-06-10 10:32:33,822 log 4944 11612 Not Found: /login
WARNING 2025-06-10 10:32:33,823 basehttp 4944 11612 "GET /login HTTP/1.1" 404 4159
INFO 2025-06-10 10:32:44,020 views 4944 11612 Admin 'rafco' viendo todos los libros.
INFO 2025-06-10 10:32:44,025 basehttp 4944 11612 "GET / HTTP/1.1" 200 4419
WARNING 2025-06-10 10:32:46,962 log 4944 11612 Method Not Allowed (GET): /accounts/logout/
WARNING 2025-06-10 10:32:46,963 basehttp 4944 11612 "GET /accounts/logout/ HTTP/1.1" 405 0
INFO 2025-06-10 10:32:50,480 views 4944 11612 Admin 'rafco' viendo todos los libros.
INFO 2025-06-10 10:32:50,483 basehttp 4944 11612 "GET / HTTP/1.1" 200 4419
INFO 2025-06-10 10:32:51,094 views 4944 11612 Admin 'rafco' viendo todos los libros.
INFO 2025-06-10 10:32:51,097 basehttp 4944 11612 "GET / HTTP/1.1" 200 4419
INFO 2025-06-10 10:36:43,597 basehttp 4944 11612 "GET /libro/crear/ HTTP/1.1" 200 6623
INFO 2025-06-10 10:36:49,555 views 4944 11612 Usuario 'rafco' creó el libro 'g'.
INFO 2025-06-10 10:36:49,556 basehttp 4944 11612 "POST /libro/crear/ HTTP/1.1" 302 0
INFO 2025-06-10 10:36:49,564 views 4944 11612 Admin 'rafco' viendo todos los libros.
INFO 2025-06-10 10:36:49,568 basehttp 4944 11612 "GET / HTTP/1.1" 200 5238
INFO 2025-06-10 10:36:49,602 basehttp 4944 11612 "GET /media/portadas/como_funciona_RNN_-_P%C3%A1gina_1.png HTTP/1.1" 304 0
INFO 2025-06-10 10:36:53,166 views 4944 11612 Mostrando detalle del libro 'g'.
ERROR 2025-06-10 10:36:53,227 log 4944 11612 Internal Server Error: /libro/3/
Traceback (most recent call last):
  File "C:\Users\rafco\Desktop\portal_libros_seguro\venv\Lib\site-packages\django\template\smartif.py", line 180, in translate_token
    op = OPERATORS[token]
         ~~~~~~~~~^^^^^^^
KeyError: '(user'

During handling of the above exception, another exception occurred:

Traceback (most recent call last):
  File "C:\Users\rafco\Desktop\portal_libros_seguro\venv\Lib\site-packages\django\core\handlers\exception.py", line 55, in inner
    response = get_response(request)
  File "C:\Users\rafco\Desktop\portal_libros_seguro\venv\Lib\site-packages\django\core\handlers\base.py", line 220, in _get_response
    response = response.render()
  File "C:\Users\rafco\Desktop\portal_libros_seguro\venv\Lib\site-packages\django\template\response.py", line 114, in render
    self.content = self.rendered_content
                   ^^^^^^^^^^^^^^^^^^^^^
  File "C:\Users\rafco\Desktop\portal_libros_seguro\venv\Lib\site-packages\django\template\response.py", line 90, in rendered_content
    template = self.resolve_template(self.template_name)
  File "C:\Users\rafco\Desktop\portal_libros_seguro\venv\Lib\site-packages\django\template\response.py", line 72, in resolve_template
    return select_template(template, using=self.using)
  File "C:\Users\rafco\Desktop\portal_libros_seguro\venv\Lib\site-packages\django\template\loader.py", line 42, in select_template
    return engine.get_template(template_name)
           ~~~~~~~~~~~~~~~~~~~^^^^^^^^^^^^^^^
  File "C:\Users\rafco\Desktop\portal_libros_seguro\venv\Lib\site-packages\django\template\backends\django.py", line 79, in get_template
    return Template(self.engine.get_template(template_name), self)
                    ~~~~~~~~~~~~~~~~~~~~~~~~^^^^^^^^^^^^^^^
  File "C:\Users\rafco\Desktop\portal_libros_seguro\venv\Lib\site-packages\django\template\engine.py", line 177, in get_template
    template, origin = self.find_template(template_name)
                       ~~~~~~~~~~~~~~~~~~^^^^^^^^^^^^^^^
  File "C:\Users\rafco\Desktop\portal_libros_seguro\venv\Lib\site-packages\django\template\engine.py", line 159, in find_template
    template = loader.get_template(name, skip=skip)
  File "C:\Users\rafco\Desktop\portal_libros_seguro\venv\Lib\site-packages\django\template\loaders\cached.py", line 57, in get_template
    template = super().get_template(template_name, skip)
  File "C:\Users\rafco\Desktop\portal_libros_seguro\venv\Lib\site-packages\django\template\loaders\base.py", line 28, in get_template
    return Template(
        contents,
    ...<2 lines>...
        self.engine,
    )
  File "C:\Users\rafco\Desktop\portal_libros_seguro\venv\Lib\site-packages\django\template\base.py", line 154, in __init__
    self.nodelist = self.compile_nodelist()
                    ~~~~~~~~~~~~~~~~~~~~~^^
  File "C:\Users\rafco\Desktop\portal_libros_seguro\venv\Lib\site-packages\django\template\base.py", line 196, in compile_nodelist
    nodelist = parser.parse()
  File "C:\Users\rafco\Desktop\portal_libros_seguro\venv\Lib\site-packages\django\template\base.py", line 518, in parse
    raise self.error(token, e)
  File "C:\Users\rafco\Desktop\portal_libros_seguro\venv\Lib\site-packages\django\template\base.py", line 516, in parse
    compiled_result = compile_func(self, token)
  File "C:\Users\rafco\Desktop\portal_libros_seguro\venv\Lib\site-packages\django\template\loader_tags.py", line 299, in do_extends
    nodelist = parser.parse()
  File "C:\Users\rafco\Desktop\portal_libros_seguro\venv\Lib\site-packages\django\template\base.py", line 518, in parse
    raise self.error(token, e)
  File "C:\Users\rafco\Desktop\portal_libros_seguro\venv\Lib\site-packages\django\template\base.py", line 516, in parse
    compiled_result = compile_func(self, token)
  File "C:\Users\rafco\Desktop\portal_libros_seguro\venv\Lib\site-packages\django\template\loader_tags.py", line 234, in do_block
    nodelist = parser.parse(("endblock",))
  File "C:\Users\rafco\Desktop\portal_libros_seguro\venv\Lib\site-packages\django\template\base.py", line 518, in parse
    raise self.error(token, e)
  File "C:\Users\rafco\Desktop\portal_libros_seguro\venv\Lib\site-packages\django\template\base.py", line 516, in parse
    compiled_result = compile_func(self, token)
  File "C:\Users\rafco\Desktop\portal_libros_seguro\venv\Lib\site-packages\django\template\defaulttags.py", line 961, in do_if
    condition = TemplateIfParser(parser, bits).parse()
                ~~~~~~~~~~~~~~~~^^^^^^^^^^^^^^
  File "C:\Users\rafco\Desktop\portal_libros_seguro\venv\Lib\site-packages\django\template\defaulttags.py", line 894, in __init__
    super().__init__(*args, **kwargs)
    ~~~~~~~~~~~~~~~~^^^^^^^^^^^^^^^^^
  File "C:\Users\rafco\Desktop\portal_libros_seguro\venv\Lib\site-packages\django\template\smartif.py", line 171, in __init__
    mapped_tokens.append(self.translate_token(token))
                         ~~~~~~~~~~~~~~~~~~~~^^^^^^^
  File "C:\Users\rafco\Desktop\portal_libros_seguro\venv\Lib\site-packages\django\template\smartif.py", line 182, in translate_token
    return self.create_var(token)
           ~~~~~~~~~~~~~~~^^^^^^^
  File "C:\Users\rafco\Desktop\portal_libros_seguro\venv\Lib\site-packages\django\template\defaulttags.py", line 897, in create_var
    return TemplateLiteral(self.template_parser.compile_filter(value), value)
                           ~~~~~~~~~~~~~~~~~~~~~~~~~~~~~~~~~~~^^^^^^^
  File "C:\Users\rafco\Desktop\portal_libros_seguro\venv\Lib\site-packages\django\template\base.py", line 609, in compile_filter
    return FilterExpression(token, self)
  File "C:\Users\rafco\Desktop\portal_libros_seguro\venv\Lib\site-packages\django\template\base.py", line 710, in __init__
    raise TemplateSyntaxError(
    ...<2 lines>...
    )
django.template.exceptions.TemplateSyntaxError: Could not parse the remainder: '(user' from '(user'
ERROR 2025-06-10 10:36:53,234 basehttp 4944 11612 "GET /libro/3/ HTTP/1.1" 500 242715
WARNING 2025-06-10 10:43:53,507 log 4944 348 Method Not Allowed (GET): /accounts/logout/
WARNING 2025-06-10 10:43:53,508 basehttp 4944 348 "GET /accounts/logout/ HTTP/1.1" 405 0
WARNING 2025-06-10 10:44:43,894 log 4944 348 Method Not Allowed (GET): /accounts/logout/
WARNING 2025-06-10 10:44:43,895 basehttp 4944 348 "GET /accounts/logout/ HTTP/1.1" 405 0
INFO 2025-06-10 10:44:46,715 views 4944 348 Admin 'rafco' viendo todos los libros.
INFO 2025-06-10 10:44:46,732 basehttp 4944 348 "GET / HTTP/1.1" 200 5238
INFO 2025-06-10 10:44:46,779 basehttp 4944 348 "GET /media/portadas/como_funciona_RNN_-_P%C3%A1gina_1.png HTTP/1.1" 304 0
WARNING 2025-06-10 10:44:51,645 log 4944 348 Method Not Allowed (GET): /accounts/logout/
WARNING 2025-06-10 10:44:51,646 basehttp 4944 348 "GET /accounts/logout/ HTTP/1.1" 405 0
INFO 2025-06-10 10:44:53,813 basehttp 4944 348 "GET /libro/crear/ HTTP/1.1" 200 6623
INFO 2025-06-10 10:44:54,647 views 4944 348 Admin 'rafco' viendo todos los libros.
INFO 2025-06-10 10:44:54,652 basehttp 4944 348 "GET / HTTP/1.1" 200 5238
WARNING 2025-06-10 10:44:57,859 log 4944 348 Method Not Allowed (GET): /accounts/logout/
WARNING 2025-06-10 10:44:57,860 basehttp 4944 348 "GET /accounts/logout/ HTTP/1.1" 405 0
WARNING 2025-06-10 10:46:56,956 log 4944 348 Method Not Allowed (GET): /accounts/logout/
WARNING 2025-06-10 10:46:56,957 basehttp 4944 348 "GET /accounts/logout/ HTTP/1.1" 405 0
INFO 2025-06-10 10:49:20,059 views 4944 348 Admin 'rafco' viendo todos los libros.
INFO 2025-06-10 10:49:20,099 basehttp 4944 348 "GET / HTTP/1.1" 200 5833
INFO 2025-06-10 10:49:24,968 basehttp 4944 348 "POST /accounts/logout/ HTTP/1.1" 302 0
INFO 2025-06-10 10:49:24,971 views 4944 348 Usuario no autenticado o no-admin viendo libros públicos.
INFO 2025-06-10 10:49:24,980 basehttp 4944 348 "GET / HTTP/1.1" 200 4622
INFO 2025-06-10 10:49:28,365 basehttp 4944 348 "GET /accounts/login/ HTTP/1.1" 200 3546
INFO 2025-06-10 10:49:38,712 basehttp 4944 348 "POST /accounts/login/ HTTP/1.1" 302 0
INFO 2025-06-10 10:49:38,727 views 4944 348 Admin 'rafco' viendo todos los libros.
INFO 2025-06-10 10:49:38,734 basehttp 4944 348 "GET / HTTP/1.1" 200 5833
INFO 2025-06-10 10:49:43,086 views 4944 348 Admin 'rafco' viendo todos los libros.
INFO 2025-06-10 10:49:43,092 basehttp 4944 348 "GET / HTTP/1.1" 200 5833
INFO 2025-06-10 10:49:45,319 basehttp 4944 348 "GET /libro/crear/ HTTP/1.1" 200 7218
INFO 2025-06-10 10:49:50,766 views 4944 348 Admin 'rafco' viendo todos los libros.
INFO 2025-06-10 10:49:50,771 basehttp 4944 348 "GET / HTTP/1.1" 200 5833
INFO 2025-06-10 10:49:50,811 basehttp 4944 348 "GET /media/portadas/como_funciona_RNN_-_P%C3%A1gina_1.png HTTP/1.1" 304 0
INFO 2025-06-10 10:49:54,140 views 4944 348 Mostrando detalle del libro 'a'.
ERROR 2025-06-10 10:49:54,267 log 4944 348 Internal Server Error: /libro/1/
Traceback (most recent call last):
  File "C:\Users\rafco\Desktop\portal_libros_seguro\venv\Lib\site-packages\django\template\smartif.py", line 180, in translate_token
    op = OPERATORS[token]
         ~~~~~~~~~^^^^^^^
KeyError: '(user'

During handling of the above exception, another exception occurred:

Traceback (most recent call last):
  File "C:\Users\rafco\Desktop\portal_libros_seguro\venv\Lib\site-packages\django\core\handlers\exception.py", line 55, in inner
    response = get_response(request)
  File "C:\Users\rafco\Desktop\portal_libros_seguro\venv\Lib\site-packages\django\core\handlers\base.py", line 220, in _get_response
    response = response.render()
  File "C:\Users\rafco\Desktop\portal_libros_seguro\venv\Lib\site-packages\django\template\response.py", line 114, in render
    self.content = self.rendered_content
                   ^^^^^^^^^^^^^^^^^^^^^
  File "C:\Users\rafco\Desktop\portal_libros_seguro\venv\Lib\site-packages\django\template\response.py", line 90, in rendered_content
    template = self.resolve_template(self.template_name)
  File "C:\Users\rafco\Desktop\portal_libros_seguro\venv\Lib\site-packages\django\template\response.py", line 72, in resolve_template
    return select_template(template, using=self.using)
  File "C:\Users\rafco\Desktop\portal_libros_seguro\venv\Lib\site-packages\django\template\loader.py", line 42, in select_template
    return engine.get_template(template_name)
           ~~~~~~~~~~~~~~~~~~~^^^^^^^^^^^^^^^
  File "C:\Users\rafco\Desktop\portal_libros_seguro\venv\Lib\site-packages\django\template\backends\django.py", line 79, in get_template
    return Template(self.engine.get_template(template_name), self)
                    ~~~~~~~~~~~~~~~~~~~~~~~~^^^^^^^^^^^^^^^
  File "C:\Users\rafco\Desktop\portal_libros_seguro\venv\Lib\site-packages\django\template\engine.py", line 177, in get_template
    template, origin = self.find_template(template_name)
                       ~~~~~~~~~~~~~~~~~~^^^^^^^^^^^^^^^
  File "C:\Users\rafco\Desktop\portal_libros_seguro\venv\Lib\site-packages\django\template\engine.py", line 159, in find_template
    template = loader.get_template(name, skip=skip)
  File "C:\Users\rafco\Desktop\portal_libros_seguro\venv\Lib\site-packages\django\template\loaders\cached.py", line 57, in get_template
    template = super().get_template(template_name, skip)
  File "C:\Users\rafco\Desktop\portal_libros_seguro\venv\Lib\site-packages\django\template\loaders\base.py", line 28, in get_template
    return Template(
        contents,
    ...<2 lines>...
        self.engine,
    )
  File "C:\Users\rafco\Desktop\portal_libros_seguro\venv\Lib\site-packages\django\template\base.py", line 154, in __init__
    self.nodelist = self.compile_nodelist()
                    ~~~~~~~~~~~~~~~~~~~~~^^
  File "C:\Users\rafco\Desktop\portal_libros_seguro\venv\Lib\site-packages\django\template\base.py", line 196, in compile_nodelist
    nodelist = parser.parse()
  File "C:\Users\rafco\Desktop\portal_libros_seguro\venv\Lib\site-packages\django\template\base.py", line 518, in parse
    raise self.error(token, e)
  File "C:\Users\rafco\Desktop\portal_libros_seguro\venv\Lib\site-packages\django\template\base.py", line 516, in parse
    compiled_result = compile_func(self, token)
  File "C:\Users\rafco\Desktop\portal_libros_seguro\venv\Lib\site-packages\django\template\loader_tags.py", line 299, in do_extends
    nodelist = parser.parse()
  File "C:\Users\rafco\Desktop\portal_libros_seguro\venv\Lib\site-packages\django\template\base.py", line 518, in parse
    raise self.error(token, e)
  File "C:\Users\rafco\Desktop\portal_libros_seguro\venv\Lib\site-packages\django\template\base.py", line 516, in parse
    compiled_result = compile_func(self, token)
  File "C:\Users\rafco\Desktop\portal_libros_seguro\venv\Lib\site-packages\django\template\loader_tags.py", line 234, in do_block
    nodelist = parser.parse(("endblock",))
  File "C:\Users\rafco\Desktop\portal_libros_seguro\venv\Lib\site-packages\django\template\base.py", line 518, in parse
    raise self.error(token, e)
  File "C:\Users\rafco\Desktop\portal_libros_seguro\venv\Lib\site-packages\django\template\base.py", line 516, in parse
    compiled_result = compile_func(self, token)
  File "C:\Users\rafco\Desktop\portal_libros_seguro\venv\Lib\site-packages\django\template\defaulttags.py", line 961, in do_if
    condition = TemplateIfParser(parser, bits).parse()
                ~~~~~~~~~~~~~~~~^^^^^^^^^^^^^^
  File "C:\Users\rafco\Desktop\portal_libros_seguro\venv\Lib\site-packages\django\template\defaulttags.py", line 894, in __init__
    super().__init__(*args, **kwargs)
    ~~~~~~~~~~~~~~~~^^^^^^^^^^^^^^^^^
  File "C:\Users\rafco\Desktop\portal_libros_seguro\venv\Lib\site-packages\django\template\smartif.py", line 171, in __init__
    mapped_tokens.append(self.translate_token(token))
                         ~~~~~~~~~~~~~~~~~~~~^^^^^^^
  File "C:\Users\rafco\Desktop\portal_libros_seguro\venv\Lib\site-packages\django\template\smartif.py", line 182, in translate_token
    return self.create_var(token)
           ~~~~~~~~~~~~~~~^^^^^^^
  File "C:\Users\rafco\Desktop\portal_libros_seguro\venv\Lib\site-packages\django\template\defaulttags.py", line 897, in create_var
    return TemplateLiteral(self.template_parser.compile_filter(value), value)
                           ~~~~~~~~~~~~~~~~~~~~~~~~~~~~~~~~~~~^^^^^^^
  File "C:\Users\rafco\Desktop\portal_libros_seguro\venv\Lib\site-packages\django\template\base.py", line 609, in compile_filter
    return FilterExpression(token, self)
  File "C:\Users\rafco\Desktop\portal_libros_seguro\venv\Lib\site-packages\django\template\base.py", line 710, in __init__
    raise TemplateSyntaxError(
    ...<2 lines>...
    )
django.template.exceptions.TemplateSyntaxError: Could not parse the remainder: '(user' from '(user'
ERROR 2025-06-10 10:49:54,282 basehttp 4944 348 "GET /libro/1/ HTTP/1.1" 500 242715
INFO 2025-06-10 10:52:08,287 views 4944 348 Mostrando detalle del libro 'a'.
ERROR 2025-06-10 10:52:08,388 log 4944 348 Internal Server Error: /libro/1/
Traceback (most recent call last):
  File "C:\Users\rafco\Desktop\portal_libros_seguro\venv\Lib\site-packages\django\template\smartif.py", line 180, in translate_token
    op = OPERATORS[token]
         ~~~~~~~~~^^^^^^^
KeyError: '(user'

During handling of the above exception, another exception occurred:

Traceback (most recent call last):
  File "C:\Users\rafco\Desktop\portal_libros_seguro\venv\Lib\site-packages\django\core\handlers\exception.py", line 55, in inner
    response = get_response(request)
  File "C:\Users\rafco\Desktop\portal_libros_seguro\venv\Lib\site-packages\django\core\handlers\base.py", line 220, in _get_response
    response = response.render()
  File "C:\Users\rafco\Desktop\portal_libros_seguro\venv\Lib\site-packages\django\template\response.py", line 114, in render
    self.content = self.rendered_content
                   ^^^^^^^^^^^^^^^^^^^^^
  File "C:\Users\rafco\Desktop\portal_libros_seguro\venv\Lib\site-packages\django\template\response.py", line 90, in rendered_content
    template = self.resolve_template(self.template_name)
  File "C:\Users\rafco\Desktop\portal_libros_seguro\venv\Lib\site-packages\django\template\response.py", line 72, in resolve_template
    return select_template(template, using=self.using)
  File "C:\Users\rafco\Desktop\portal_libros_seguro\venv\Lib\site-packages\django\template\loader.py", line 42, in select_template
    return engine.get_template(template_name)
           ~~~~~~~~~~~~~~~~~~~^^^^^^^^^^^^^^^
  File "C:\Users\rafco\Desktop\portal_libros_seguro\venv\Lib\site-packages\django\template\backends\django.py", line 79, in get_template
    return Template(self.engine.get_template(template_name), self)
                    ~~~~~~~~~~~~~~~~~~~~~~~~^^^^^^^^^^^^^^^
  File "C:\Users\rafco\Desktop\portal_libros_seguro\venv\Lib\site-packages\django\template\engine.py", line 177, in get_template
    template, origin = self.find_template(template_name)
                       ~~~~~~~~~~~~~~~~~~^^^^^^^^^^^^^^^
  File "C:\Users\rafco\Desktop\portal_libros_seguro\venv\Lib\site-packages\django\template\engine.py", line 159, in find_template
    template = loader.get_template(name, skip=skip)
  File "C:\Users\rafco\Desktop\portal_libros_seguro\venv\Lib\site-packages\django\template\loaders\cached.py", line 57, in get_template
    template = super().get_template(template_name, skip)
  File "C:\Users\rafco\Desktop\portal_libros_seguro\venv\Lib\site-packages\django\template\loaders\base.py", line 28, in get_template
    return Template(
        contents,
    ...<2 lines>...
        self.engine,
    )
  File "C:\Users\rafco\Desktop\portal_libros_seguro\venv\Lib\site-packages\django\template\base.py", line 154, in __init__
    self.nodelist = self.compile_nodelist()
                    ~~~~~~~~~~~~~~~~~~~~~^^
  File "C:\Users\rafco\Desktop\portal_libros_seguro\venv\Lib\site-packages\django\template\base.py", line 196, in compile_nodelist
    nodelist = parser.parse()
  File "C:\Users\rafco\Desktop\portal_libros_seguro\venv\Lib\site-packages\django\template\base.py", line 518, in parse
    raise self.error(token, e)
  File "C:\Users\rafco\Desktop\portal_libros_seguro\venv\Lib\site-packages\django\template\base.py", line 516, in parse
    compiled_result = compile_func(self, token)
  File "C:\Users\rafco\Desktop\portal_libros_seguro\venv\Lib\site-packages\django\template\loader_tags.py", line 299, in do_extends
    nodelist = parser.parse()
  File "C:\Users\rafco\Desktop\portal_libros_seguro\venv\Lib\site-packages\django\template\base.py", line 518, in parse
    raise self.error(token, e)
  File "C:\Users\rafco\Desktop\portal_libros_seguro\venv\Lib\site-packages\django\template\base.py", line 516, in parse
    compiled_result = compile_func(self, token)
  File "C:\Users\rafco\Desktop\portal_libros_seguro\venv\Lib\site-packages\django\template\loader_tags.py", line 234, in do_block
    nodelist = parser.parse(("endblock",))
  File "C:\Users\rafco\Desktop\portal_libros_seguro\venv\Lib\site-packages\django\template\base.py", line 518, in parse
    raise self.error(token, e)
  File "C:\Users\rafco\Desktop\portal_libros_seguro\venv\Lib\site-packages\django\template\base.py", line 516, in parse
    compiled_result = compile_func(self, token)
  File "C:\Users\rafco\Desktop\portal_libros_seguro\venv\Lib\site-packages\django\template\defaulttags.py", line 961, in do_if
    condition = TemplateIfParser(parser, bits).parse()
                ~~~~~~~~~~~~~~~~^^^^^^^^^^^^^^
  File "C:\Users\rafco\Desktop\portal_libros_seguro\venv\Lib\site-packages\django\template\defaulttags.py", line 894, in __init__
    super().__init__(*args, **kwargs)
    ~~~~~~~~~~~~~~~~^^^^^^^^^^^^^^^^^
  File "C:\Users\rafco\Desktop\portal_libros_seguro\venv\Lib\site-packages\django\template\smartif.py", line 171, in __init__
    mapped_tokens.append(self.translate_token(token))
                         ~~~~~~~~~~~~~~~~~~~~^^^^^^^
  File "C:\Users\rafco\Desktop\portal_libros_seguro\venv\Lib\site-packages\django\template\smartif.py", line 182, in translate_token
    return self.create_var(token)
           ~~~~~~~~~~~~~~~^^^^^^^
  File "C:\Users\rafco\Desktop\portal_libros_seguro\venv\Lib\site-packages\django\template\defaulttags.py", line 897, in create_var
    return TemplateLiteral(self.template_parser.compile_filter(value), value)
                           ~~~~~~~~~~~~~~~~~~~~~~~~~~~~~~~~~~~^^^^^^^
  File "C:\Users\rafco\Desktop\portal_libros_seguro\venv\Lib\site-packages\django\template\base.py", line 609, in compile_filter
    return FilterExpression(token, self)
  File "C:\Users\rafco\Desktop\portal_libros_seguro\venv\Lib\site-packages\django\template\base.py", line 710, in __init__
    raise TemplateSyntaxError(
    ...<2 lines>...
    )
django.template.exceptions.TemplateSyntaxError: Could not parse the remainder: '(user' from '(user'
ERROR 2025-06-10 10:52:08,400 basehttp 4944 348 "GET /libro/1/ HTTP/1.1" 500 242715
INFO 2025-06-10 10:52:12,886 views 4944 348 Mostrando detalle del libro 'a'.
ERROR 2025-06-10 10:52:12,980 log 4944 348 Internal Server Error: /libro/1/
Traceback (most recent call last):
  File "C:\Users\rafco\Desktop\portal_libros_seguro\venv\Lib\site-packages\django\template\smartif.py", line 180, in translate_token
    op = OPERATORS[token]
         ~~~~~~~~~^^^^^^^
KeyError: '(user'

During handling of the above exception, another exception occurred:

Traceback (most recent call last):
  File "C:\Users\rafco\Desktop\portal_libros_seguro\venv\Lib\site-packages\django\core\handlers\exception.py", line 55, in inner
    response = get_response(request)
  File "C:\Users\rafco\Desktop\portal_libros_seguro\venv\Lib\site-packages\django\core\handlers\base.py", line 220, in _get_response
    response = response.render()
  File "C:\Users\rafco\Desktop\portal_libros_seguro\venv\Lib\site-packages\django\template\response.py", line 114, in render
    self.content = self.rendered_content
                   ^^^^^^^^^^^^^^^^^^^^^
  File "C:\Users\rafco\Desktop\portal_libros_seguro\venv\Lib\site-packages\django\template\response.py", line 90, in rendered_content
    template = self.resolve_template(self.template_name)
  File "C:\Users\rafco\Desktop\portal_libros_seguro\venv\Lib\site-packages\django\template\response.py", line 72, in resolve_template
    return select_template(template, using=self.using)
  File "C:\Users\rafco\Desktop\portal_libros_seguro\venv\Lib\site-packages\django\template\loader.py", line 42, in select_template
    return engine.get_template(template_name)
           ~~~~~~~~~~~~~~~~~~~^^^^^^^^^^^^^^^
  File "C:\Users\rafco\Desktop\portal_libros_seguro\venv\Lib\site-packages\django\template\backends\django.py", line 79, in get_template
    return Template(self.engine.get_template(template_name), self)
                    ~~~~~~~~~~~~~~~~~~~~~~~~^^^^^^^^^^^^^^^
  File "C:\Users\rafco\Desktop\portal_libros_seguro\venv\Lib\site-packages\django\template\engine.py", line 177, in get_template
    template, origin = self.find_template(template_name)
                       ~~~~~~~~~~~~~~~~~~^^^^^^^^^^^^^^^
  File "C:\Users\rafco\Desktop\portal_libros_seguro\venv\Lib\site-packages\django\template\engine.py", line 159, in find_template
    template = loader.get_template(name, skip=skip)
  File "C:\Users\rafco\Desktop\portal_libros_seguro\venv\Lib\site-packages\django\template\loaders\cached.py", line 57, in get_template
    template = super().get_template(template_name, skip)
  File "C:\Users\rafco\Desktop\portal_libros_seguro\venv\Lib\site-packages\django\template\loaders\base.py", line 28, in get_template
    return Template(
        contents,
    ...<2 lines>...
        self.engine,
    )
  File "C:\Users\rafco\Desktop\portal_libros_seguro\venv\Lib\site-packages\django\template\base.py", line 154, in __init__
    self.nodelist = self.compile_nodelist()
                    ~~~~~~~~~~~~~~~~~~~~~^^
  File "C:\Users\rafco\Desktop\portal_libros_seguro\venv\Lib\site-packages\django\template\base.py", line 196, in compile_nodelist
    nodelist = parser.parse()
  File "C:\Users\rafco\Desktop\portal_libros_seguro\venv\Lib\site-packages\django\template\base.py", line 518, in parse
    raise self.error(token, e)
  File "C:\Users\rafco\Desktop\portal_libros_seguro\venv\Lib\site-packages\django\template\base.py", line 516, in parse
    compiled_result = compile_func(self, token)
  File "C:\Users\rafco\Desktop\portal_libros_seguro\venv\Lib\site-packages\django\template\loader_tags.py", line 299, in do_extends
    nodelist = parser.parse()
  File "C:\Users\rafco\Desktop\portal_libros_seguro\venv\Lib\site-packages\django\template\base.py", line 518, in parse
    raise self.error(token, e)
  File "C:\Users\rafco\Desktop\portal_libros_seguro\venv\Lib\site-packages\django\template\base.py", line 516, in parse
    compiled_result = compile_func(self, token)
  File "C:\Users\rafco\Desktop\portal_libros_seguro\venv\Lib\site-packages\django\template\loader_tags.py", line 234, in do_block
    nodelist = parser.parse(("endblock",))
  File "C:\Users\rafco\Desktop\portal_libros_seguro\venv\Lib\site-packages\django\template\base.py", line 518, in parse
    raise self.error(token, e)
  File "C:\Users\rafco\Desktop\portal_libros_seguro\venv\Lib\site-packages\django\template\base.py", line 516, in parse
    compiled_result = compile_func(self, token)
  File "C:\Users\rafco\Desktop\portal_libros_seguro\venv\Lib\site-packages\django\template\defaulttags.py", line 961, in do_if
    condition = TemplateIfParser(parser, bits).parse()
                ~~~~~~~~~~~~~~~~^^^^^^^^^^^^^^
  File "C:\Users\rafco\Desktop\portal_libros_seguro\venv\Lib\site-packages\django\template\defaulttags.py", line 894, in __init__
    super().__init__(*args, **kwargs)
    ~~~~~~~~~~~~~~~~^^^^^^^^^^^^^^^^^
  File "C:\Users\rafco\Desktop\portal_libros_seguro\venv\Lib\site-packages\django\template\smartif.py", line 171, in __init__
    mapped_tokens.append(self.translate_token(token))
                         ~~~~~~~~~~~~~~~~~~~~^^^^^^^
  File "C:\Users\rafco\Desktop\portal_libros_seguro\venv\Lib\site-packages\django\template\smartif.py", line 182, in translate_token
    return self.create_var(token)
           ~~~~~~~~~~~~~~~^^^^^^^
  File "C:\Users\rafco\Desktop\portal_libros_seguro\venv\Lib\site-packages\django\template\defaulttags.py", line 897, in create_var
    return TemplateLiteral(self.template_parser.compile_filter(value), value)
                           ~~~~~~~~~~~~~~~~~~~~~~~~~~~~~~~~~~~^^^^^^^
  File "C:\Users\rafco\Desktop\portal_libros_seguro\venv\Lib\site-packages\django\template\base.py", line 609, in compile_filter
    return FilterExpression(token, self)
  File "C:\Users\rafco\Desktop\portal_libros_seguro\venv\Lib\site-packages\django\template\base.py", line 710, in __init__
    raise TemplateSyntaxError(
    ...<2 lines>...
    )
django.template.exceptions.TemplateSyntaxError: Could not parse the remainder: '(user' from '(user'
ERROR 2025-06-10 10:52:12,993 basehttp 4944 348 "GET /libro/1/ HTTP/1.1" 500 242715
INFO 2025-06-10 10:53:16,710 views 4944 348 Mostrando detalle del libro 'a'.
ERROR 2025-06-10 10:53:16,838 log 4944 348 Internal Server Error: /libro/1/
Traceback (most recent call last):
  File "C:\Users\rafco\Desktop\portal_libros_seguro\venv\Lib\site-packages\django\template\base.py", line 510, in parse
    compile_func = self.tags[command]
                   ~~~~~~~~~^^^^^^^^^
KeyError: 'endif'

During handling of the above exception, another exception occurred:

Traceback (most recent call last):
  File "C:\Users\rafco\Desktop\portal_libros_seguro\venv\Lib\site-packages\django\core\handlers\exception.py", line 55, in inner
    response = get_response(request)
  File "C:\Users\rafco\Desktop\portal_libros_seguro\venv\Lib\site-packages\django\core\handlers\base.py", line 220, in _get_response
    response = response.render()
  File "C:\Users\rafco\Desktop\portal_libros_seguro\venv\Lib\site-packages\django\template\response.py", line 114, in render
    self.content = self.rendered_content
                   ^^^^^^^^^^^^^^^^^^^^^
  File "C:\Users\rafco\Desktop\portal_libros_seguro\venv\Lib\site-packages\django\template\response.py", line 90, in rendered_content
    template = self.resolve_template(self.template_name)
  File "C:\Users\rafco\Desktop\portal_libros_seguro\venv\Lib\site-packages\django\template\response.py", line 72, in resolve_template
    return select_template(template, using=self.using)
  File "C:\Users\rafco\Desktop\portal_libros_seguro\venv\Lib\site-packages\django\template\loader.py", line 42, in select_template
    return engine.get_template(template_name)
           ~~~~~~~~~~~~~~~~~~~^^^^^^^^^^^^^^^
  File "C:\Users\rafco\Desktop\portal_libros_seguro\venv\Lib\site-packages\django\template\backends\django.py", line 79, in get_template
    return Template(self.engine.get_template(template_name), self)
                    ~~~~~~~~~~~~~~~~~~~~~~~~^^^^^^^^^^^^^^^
  File "C:\Users\rafco\Desktop\portal_libros_seguro\venv\Lib\site-packages\django\template\engine.py", line 177, in get_template
    template, origin = self.find_template(template_name)
                       ~~~~~~~~~~~~~~~~~~^^^^^^^^^^^^^^^
  File "C:\Users\rafco\Desktop\portal_libros_seguro\venv\Lib\site-packages\django\template\engine.py", line 159, in find_template
    template = loader.get_template(name, skip=skip)
  File "C:\Users\rafco\Desktop\portal_libros_seguro\venv\Lib\site-packages\django\template\loaders\cached.py", line 57, in get_template
    template = super().get_template(template_name, skip)
  File "C:\Users\rafco\Desktop\portal_libros_seguro\venv\Lib\site-packages\django\template\loaders\base.py", line 28, in get_template
    return Template(
        contents,
    ...<2 lines>...
        self.engine,
    )
  File "C:\Users\rafco\Desktop\portal_libros_seguro\venv\Lib\site-packages\django\template\base.py", line 154, in __init__
    self.nodelist = self.compile_nodelist()
                    ~~~~~~~~~~~~~~~~~~~~~^^
  File "C:\Users\rafco\Desktop\portal_libros_seguro\venv\Lib\site-packages\django\template\base.py", line 196, in compile_nodelist
    nodelist = parser.parse()
  File "C:\Users\rafco\Desktop\portal_libros_seguro\venv\Lib\site-packages\django\template\base.py", line 518, in parse
    raise self.error(token, e)
  File "C:\Users\rafco\Desktop\portal_libros_seguro\venv\Lib\site-packages\django\template\base.py", line 516, in parse
    compiled_result = compile_func(self, token)
  File "C:\Users\rafco\Desktop\portal_libros_seguro\venv\Lib\site-packages\django\template\loader_tags.py", line 299, in do_extends
    nodelist = parser.parse()
  File "C:\Users\rafco\Desktop\portal_libros_seguro\venv\Lib\site-packages\django\template\base.py", line 518, in parse
    raise self.error(token, e)
  File "C:\Users\rafco\Desktop\portal_libros_seguro\venv\Lib\site-packages\django\template\base.py", line 516, in parse
    compiled_result = compile_func(self, token)
  File "C:\Users\rafco\Desktop\portal_libros_seguro\venv\Lib\site-packages\django\template\loader_tags.py", line 234, in do_block
    nodelist = parser.parse(("endblock",))
  File "C:\Users\rafco\Desktop\portal_libros_seguro\venv\Lib\site-packages\django\template\base.py", line 512, in parse
    self.invalid_block_tag(token, command, parse_until)
    ~~~~~~~~~~~~~~~~~~~~~~^^^^^^^^^^^^^^^^^^^^^^^^^^^^^
  File "C:\Users\rafco\Desktop\portal_libros_seguro\venv\Lib\site-packages\django\template\base.py", line 567, in invalid_block_tag
    raise self.error(
    ...<8 lines>...
    )
django.template.exceptions.TemplateSyntaxError: Invalid block tag on line 35: 'endif', expected 'endblock'. Did you forget to register or load this tag?
ERROR 2025-06-10 10:53:16,849 basehttp 4944 348 "GET /libro/1/ HTTP/1.1" 500 202872
INFO 2025-06-10 10:53:59,938 views 4944 348 Mostrando detalle del libro 'a'.
INFO 2025-06-10 10:53:59,973 basehttp 4944 348 "GET /libro/1/ HTTP/1.1" 200 5128
INFO 2025-06-10 10:54:08,778 basehttp 4944 348 "GET /media/libros_pdf/wazaaa.pdf HTTP/1.1" 200 321380
INFO 2025-06-10 10:54:13,545 basehttp 4944 348 "GET /libro/1/editar/ HTTP/1.1" 200 7773
INFO 2025-06-10 10:54:15,859 views 4944 348 Mostrando detalle del libro 'a'.
INFO 2025-06-10 10:54:15,869 basehttp 4944 348 "GET /libro/1/ HTTP/1.1" 200 5128
INFO 2025-06-10 10:54:17,199 basehttp 4944 348 "GET /libro/1/eliminar/ HTTP/1.1" 200 4153
INFO 2025-06-10 10:54:19,006 views 4944 348 Mostrando detalle del libro 'a'.
INFO 2025-06-10 10:54:19,018 basehttp 4944 348 "GET /libro/1/ HTTP/1.1" 200 5128
INFO 2025-06-10 11:01:11,336 basehttp 4944 14236 "GET /libro/1/eliminar/ HTTP/1.1" 200 4153
INFO 2025-06-10 11:01:12,390 views 4944 14236 Usuario 'rafco' eliminó el libro 'a'.
INFO 2025-06-10 11:01:12,416 basehttp 4944 14236 "POST /libro/1/eliminar/ HTTP/1.1" 302 0
INFO 2025-06-10 11:01:12,440 views 4944 14236 Admin 'rafco' viendo todos los libros.
INFO 2025-06-10 11:01:12,461 basehttp 4944 14236 "GET / HTTP/1.1" 200 4998
INFO 2025-06-10 11:01:14,871 views 4944 14236 Mostrando detalle del libro 'w'.
INFO 2025-06-10 11:01:14,881 basehttp 4944 14236 "GET /libro/2/ HTTP/1.1" 200 4873
INFO 2025-06-10 11:01:17,089 basehttp 4944 14236 "GET /libro/2/editar/ HTTP/1.1" 200 7251
INFO 2025-06-10 11:01:34,533 views 4944 14236 Usuario 'rafco' actualizó el libro 'w'.
INFO 2025-06-10 11:01:34,534 basehttp 4944 14236 "POST /libro/2/editar/ HTTP/1.1" 302 0
INFO 2025-06-10 11:01:34,547 views 4944 14236 Admin 'rafco' viendo todos los libros.
INFO 2025-06-10 11:01:34,553 basehttp 4944 14236 "GET / HTTP/1.1" 200 4972
INFO 2025-06-10 11:01:34,600 basehttp 4944 14236 "GET /media/portadas/Fujo_de_trabajo.png HTTP/1.1" 200 130769
INFO 2025-06-10 11:01:36,580 views 4944 14236 Mostrando detalle del libro 'w'.
INFO 2025-06-10 11:01:36,592 basehttp 4944 14236 "GET /libro/2/ HTTP/1.1" 200 5066
INFO 2025-06-10 11:01:36,623 basehttp 4944 14236 "GET /media/portadas/Fujo_de_trabajo.png HTTP/1.1" 304 0
INFO 2025-06-10 11:01:38,113 basehttp 4944 14236 "GET /media/libros_pdf/manangement.pdf HTTP/1.1" 200 197556
INFO 2025-06-10 11:02:29,826 basehttp 4944 14236 "GET /libro/2/editar/ HTTP/1.1" 200 7691
INFO 2025-06-10 11:02:33,175 views 4944 14236 Usuario 'rafco' actualizó el libro 'wa'.
INFO 2025-06-10 11:02:33,177 basehttp 4944 14236 "POST /libro/2/editar/ HTTP/1.1" 302 0
INFO 2025-06-10 11:02:33,193 views 4944 14236 Admin 'rafco' viendo todos los libros.
INFO 2025-06-10 11:02:33,208 basehttp 4944 14236 "GET / HTTP/1.1" 200 4974
INFO 2025-06-10 11:02:33,236 basehttp 4944 14236 "GET /media/portadas/Fujo_de_trabajo.png HTTP/1.1" 304 0
INFO 2025-06-10 11:02:44,762 views 4944 14236 Admin 'rafco' viendo todos los libros.
INFO 2025-06-10 11:02:44,767 basehttp 4944 14236 "GET / HTTP/1.1" 200 4974
INFO 2025-06-10 11:02:44,786 basehttp 4944 14236 "GET /media/portadas/Fujo_de_trabajo.png HTTP/1.1" 304 0
INFO 2025-06-10 11:02:46,422 basehttp 4944 14236 "GET /libro/crear/ HTTP/1.1" 200 7218
INFO 2025-06-10 11:02:50,197 basehttp 4944 14236 "POST /accounts/logout/ HTTP/1.1" 302 0
INFO 2025-06-10 11:02:50,200 views 4944 14236 Usuario no autenticado o no-admin viendo libros públicos.
INFO 2025-06-10 11:02:50,204 basehttp 4944 14236 "GET / HTTP/1.1" 200 3763
INFO 2025-06-10 11:02:52,651 views 4944 14236 Mostrando detalle del libro 'wa'.
INFO 2025-06-10 11:02:52,654 basehttp 4944 14236 "GET /libro/2/ HTTP/1.1" 200 3281
INFO 2025-06-10 11:02:52,673 basehttp 4944 14236 "GET /media/portadas/Fujo_de_trabajo.png HTTP/1.1" 304 0
INFO 2025-06-10 11:03:03,587 basehttp 4944 14236 "GET /accounts/login/ HTTP/1.1" 200 3546
INFO 2025-06-10 11:03:11,591 basehttp 4944 14236 "POST /accounts/login/ HTTP/1.1" 302 0
INFO 2025-06-10 11:03:11,598 views 4944 14236 Admin 'rafco' viendo todos los libros.
INFO 2025-06-10 11:03:11,601 basehttp 4944 14236 "GET / HTTP/1.1" 200 4974
INFO 2025-06-10 11:03:11,619 basehttp 4944 14236 "GET /media/portadas/Fujo_de_trabajo.png HTTP/1.1" 304 0
INFO 2025-06-10 11:03:13,010 views 4944 14236 Mostrando detalle del libro 'wa'.
INFO 2025-06-10 11:03:13,017 basehttp 4944 14236 "GET /libro/2/ HTTP/1.1" 200 5069
INFO 2025-06-10 11:03:18,152 views 4944 14236 Usuario 'rafco' añadió un comentario al libro 'wa'.
INFO 2025-06-10 11:03:18,153 basehttp 4944 14236 "POST /libro/2/ HTTP/1.1" 302 0
INFO 2025-06-10 11:03:18,163 views 4944 14236 Mostrando detalle del libro 'wa'.
INFO 2025-06-10 11:03:18,172 basehttp 4944 14236 "GET /libro/2/ HTTP/1.1" 200 5309
INFO 2025-06-10 11:04:51,117 basehttp 4944 14236 "POST /accounts/logout/ HTTP/1.1" 302 0
INFO 2025-06-10 11:04:51,120 views 4944 14236 Usuario no autenticado o no-admin viendo libros públicos.
INFO 2025-06-10 11:04:51,128 basehttp 4944 14236 "GET / HTTP/1.1" 200 3763
INFO 2025-06-10 11:04:51,145 basehttp 4944 14236 "GET /media/portadas/Fujo_de_trabajo.png HTTP/1.1" 304 0
INFO 2025-06-10 11:04:52,897 basehttp 4944 14236 "GET /accounts/login/ HTTP/1.1" 200 3546
INFO 2025-06-10 11:07:36,186 autoreload 4944 14088 C:\Users\rafco\Desktop\portal_libros_seguro\libros\forms.py changed, reloading.
INFO 2025-06-10 11:07:37,049 autoreload 5552 3068 Watching for file changes with StatReloader
INFO 2025-06-10 11:07:51,820 autoreload 5552 3068 C:\Users\rafco\Desktop\portal_libros_seguro\libros\forms.py changed, reloading.
INFO 2025-06-10 11:07:52,903 autoreload 10892 9620 Watching for file changes with StatReloader
INFO 2025-06-10 11:08:06,500 autoreload 10892 9620 C:\Users\rafco\Desktop\portal_libros_seguro\libros\forms.py changed, reloading.
INFO 2025-06-10 11:08:07,350 autoreload 2212 7496 Watching for file changes with StatReloader
INFO 2025-06-10 11:08:09,746 autoreload 2212 7496 C:\Users\rafco\Desktop\portal_libros_seguro\libros\forms.py changed, reloading.
INFO 2025-06-10 11:08:10,562 autoreload 752 10680 Watching for file changes with StatReloader
INFO 2025-06-10 11:08:43,521 autoreload 752 10680 C:\Users\rafco\Desktop\portal_libros_seguro\libros\views.py changed, reloading.
INFO 2025-06-10 11:08:44,388 autoreload 9012 8664 Watching for file changes with StatReloader
INFO 2025-06-10 11:08:51,946 autoreload 9012 8664 C:\Users\rafco\Desktop\portal_libros_seguro\libros\views.py changed, reloading.
INFO 2025-06-10 11:08:52,845 autoreload 13132 3736 Watching for file changes with StatReloader
INFO 2025-06-10 11:09:02,432 autoreload 13132 3736 C:\Users\rafco\Desktop\portal_libros_seguro\libros\views.py changed, reloading.
INFO 2025-06-10 11:09:03,325 autoreload 3608 6580 Watching for file changes with StatReloader
INFO 2025-06-10 11:09:17,016 autoreload 3608 6580 C:\Users\rafco\Desktop\portal_libros_seguro\libros\views.py changed, reloading.
INFO 2025-06-10 11:09:17,946 autoreload 4888 9620 Watching for file changes with StatReloader
INFO 2025-06-10 11:09:56,052 autoreload 4888 9620 C:\Users\rafco\Desktop\portal_libros_seguro\portal_libros_seguro_project\urls.py changed, reloading.
INFO 2025-06-10 11:09:57,048 autoreload 13336 6784 Watching for file changes with StatReloader
INFO 2025-06-10 11:10:12,758 autoreload 13336 6784 C:\Users\rafco\Desktop\portal_libros_seguro\portal_libros_seguro_project\urls.py changed, reloading.
INFO 2025-06-10 11:10:13,550 autoreload 9664 9652 Watching for file changes with StatReloader
INFO 2025-06-10 11:13:05,754 basehttp 9664 13764 "GET /accounts/login/ HTTP/1.1" 200 3673
INFO 2025-06-10 11:13:07,418 basehttp 9664 13764 "GET /accounts/register/ HTTP/1.1" 200 5165
INFO 2025-06-10 11:13:40,502 views 9664 13764 Nuevo usuario registrado y logueado: 'otro'.
INFO 2025-06-10 11:13:40,522 basehttp 9664 13764 "POST /accounts/register/ HTTP/1.1" 302 0
INFO 2025-06-10 11:13:40,529 views 9664 13764 Usuario no autenticado o no-admin viendo libros públicos.
INFO 2025-06-10 11:13:40,536 basehttp 9664 13764 "GET / HTTP/1.1" 200 4973
INFO 2025-06-10 11:13:40,556 basehttp 9664 13764 "GET /media/portadas/Fujo_de_trabajo.png HTTP/1.1" 304 0
INFO 2025-06-10 11:13:45,977 views 9664 13764 Mostrando detalle del libro 'wa'.
INFO 2025-06-10 11:13:46,015 basehttp 9664 13764 "GET /libro/2/ HTTP/1.1" 200 5105
INFO 2025-06-10 11:13:54,524 views 9664 13764 Usuario 'otro' añadió un comentario al libro 'wa'.
INFO 2025-06-10 11:13:54,525 basehttp 9664 13764 "POST /libro/2/ HTTP/1.1" 302 0
INFO 2025-06-10 11:13:54,533 views 9664 13764 Mostrando detalle del libro 'wa'.
INFO 2025-06-10 11:13:54,542 basehttp 9664 13764 "GET /libro/2/ HTTP/1.1" 200 5426
INFO 2025-06-10 11:14:05,767 basehttp 9664 13764 "GET /media/libros_pdf/manangement.pdf HTTP/1.1" 304 0
INFO 2025-06-10 11:14:20,556 basehttp 9664 13764 "POST /accounts/logout/ HTTP/1.1" 302 0
INFO 2025-06-10 11:14:20,562 views 9664 13764 Usuario no autenticado o no-admin viendo libros públicos.
INFO 2025-06-10 11:14:20,568 basehttp 9664 13764 "GET / HTTP/1.1" 200 3919
INFO 2025-06-10 11:14:21,867 views 9664 13764 Mostrando detalle del libro 'wa'.
INFO 2025-06-10 11:14:21,877 basehttp 9664 13764 "GET /libro/2/ HTTP/1.1" 200 3998
INFO 2025-06-10 11:26:39,646 autoreload 9664 9652 C:\Users\rafco\Desktop\portal_libros_seguro\portal_libros_seguro_project\settings.py changed, reloading.
INFO 2025-06-10 12:31:21,279 autoreload 13472 2220 Watching for file changes with StatReloader
INFO 2025-06-10 12:31:32,467 views 13472 9136 Usuario no autenticado o no-admin viendo libros públicos.
INFO 2025-06-10 12:31:32,518 basehttp 13472 9136 "GET / HTTP/1.1" 200 3919
WARNING 2025-06-10 12:31:32,600 log 13472 9136 Not Found: /media/portadas/Fujo_de_trabajo.png
WARNING 2025-06-10 12:31:32,601 basehttp 13472 9136 "GET /media/portadas/Fujo_de_trabajo.png HTTP/1.1" 404 4170
WARNING 2025-06-10 12:31:32,738 log 13472 9136 Not Found: /favicon.ico
WARNING 2025-06-10 12:31:32,740 basehttp 13472 9136 "GET /favicon.ico HTTP/1.1" 404 4355
INFO 2025-06-10 12:31:39,539 basehttp 13472 9136 "GET /accounts/login/ HTTP/1.1" 200 3673
INFO 2025-06-10 12:31:40,565 basehttp 13472 9136 "GET /accounts/register/ HTTP/1.1" 200 5165
INFO 2025-06-10 12:31:41,479 basehttp 13472 9136 "GET /accounts/login/ HTTP/1.1" 200 3673
INFO 2025-06-10 12:31:48,831 basehttp 13472 9136 "POST /accounts/login/ HTTP/1.1" 200 3687
INFO 2025-06-10 12:31:53,427 basehttp 13472 9136 "POST /accounts/login/ HTTP/1.1" 200 3687
INFO 2025-06-10 12:32:02,491 basehttp 13472 9136 "POST /accounts/login/ HTTP/1.1" 200 3687
INFO 2025-06-10 12:32:10,301 basehttp 13472 9136 "POST /accounts/login/ HTTP/1.1" 200 3703
INFO 2025-06-10 12:32:21,963 basehttp 13472 9136 "POST /accounts/login/ HTTP/1.1" 200 3686
INFO 2025-06-10 12:32:58,526 basehttp 13472 9136 "POST /accounts/login/ HTTP/1.1" 200 3686
INFO 2025-06-10 12:33:00,205 basehttp 13472 9136 "GET /accounts/register/ HTTP/1.1" 200 5165
WARNING 2025-06-10 12:33:12,449 views 13472 9136 Intento fallido de registro. Errores: {"password2": [{"message": "This password is too short. It must contain at least 8 characters.", "code": "password_too_short"}, {"message": "This password is too common.", "code": "password_too_common"}, {"message": "This password is entirely numeric.", "code": "password_entirely_numeric"}]}
INFO 2025-06-10 12:33:12,452 basehttp 13472 9136 "POST /accounts/register/ HTTP/1.1" 200 5685
INFO 2025-06-10 12:33:18,953 views 13472 9136 Nuevo usuario registrado y logueado: 'rafa'.
INFO 2025-06-10 12:33:18,969 basehttp 13472 9136 "POST /accounts/register/ HTTP/1.1" 302 0
INFO 2025-06-10 12:33:18,978 views 13472 9136 Usuario no autenticado o no-admin viendo libros públicos.
INFO 2025-06-10 12:33:18,984 basehttp 13472 9136 "GET / HTTP/1.1" 200 4973
WARNING 2025-06-10 12:33:19,015 log 13472 9136 Not Found: /media/portadas/Fujo_de_trabajo.png
WARNING 2025-06-10 12:33:19,017 basehttp 13472 9136 "GET /media/portadas/Fujo_de_trabajo.png HTTP/1.1" 404 4170
INFO 2025-06-10 12:33:21,525 basehttp 13472 9136 "GET /libro/crear/ HTTP/1.1" 200 7217
INFO 2025-06-10 12:33:24,683 views 13472 9136 Usuario 'rafa' creó el libro 'aaaa'.
INFO 2025-06-10 12:33:24,684 basehttp 13472 9136 "POST /libro/crear/ HTTP/1.1" 302 0
INFO 2025-06-10 12:33:24,694 views 13472 9136 Usuario no autenticado o no-admin viendo libros públicos.
INFO 2025-06-10 12:33:24,699 basehttp 13472 9136 "GET / HTTP/1.1" 200 5798
WARNING 2025-06-10 12:33:24,749 log 13472 9136 Not Found: /media/portadas/Fujo_de_trabajo.png
WARNING 2025-06-10 12:33:24,751 basehttp 13472 9136 "GET /media/portadas/Fujo_de_trabajo.png HTTP/1.1" 404 4170
INFO 2025-06-10 12:33:26,121 views 13472 9136 Mostrando detalle del libro 'aaaa'.
INFO 2025-06-10 12:33:26,132 basehttp 13472 9136 "GET /libro/4/ HTTP/1.1" 200 4898
INFO 2025-06-10 12:33:29,749 views 13472 9136 Usuario 'rafa' añadió un comentario al libro 'aaaa'.
INFO 2025-06-10 12:33:29,750 basehttp 13472 9136 "POST /libro/4/ HTTP/1.1" 302 0
INFO 2025-06-10 12:33:29,760 views 13472 9136 Mostrando detalle del libro 'aaaa'.
INFO 2025-06-10 12:33:29,820 basehttp 13472 9136 "GET /libro/4/ HTTP/1.1" 200 5136
INFO 2025-06-10 12:33:37,416 views 13472 9136 Usuario no autenticado o no-admin viendo libros públicos.
INFO 2025-06-10 12:33:37,421 basehttp 13472 9136 "GET / HTTP/1.1" 200 5798
WARNING 2025-06-10 12:33:37,465 log 13472 9136 Not Found: /media/portadas/Fujo_de_trabajo.png
WARNING 2025-06-10 12:33:37,466 basehttp 13472 9136 "GET /media/portadas/Fujo_de_trabajo.png HTTP/1.1" 404 4170
INFO 2025-06-10 12:33:38,753 views 13472 9136 Mostrando detalle del libro 'wa'.
INFO 2025-06-10 12:33:38,766 basehttp 13472 9136 "GET /libro/2/ HTTP/1.1" 200 5426
WARNING 2025-06-10 12:33:38,809 log 13472 9136 Not Found: /media/portadas/Fujo_de_trabajo.png
WARNING 2025-06-10 12:33:38,810 basehttp 13472 9136 "GET /media/portadas/Fujo_de_trabajo.png HTTP/1.1" 404 4170
INFO 2025-06-10 12:33:43,910 basehttp 13472 9136 "POST /accounts/logout/ HTTP/1.1" 302 0
INFO 2025-06-10 12:33:43,914 views 13472 9136 Usuario no autenticado o no-admin viendo libros públicos.
INFO 2025-06-10 12:33:43,926 basehttp 13472 9136 "GET / HTTP/1.1" 200 4744
WARNING 2025-06-10 12:33:43,966 log 13472 9136 Not Found: /media/portadas/Fujo_de_trabajo.png
WARNING 2025-06-10 12:33:43,967 basehttp 13472 9136 "GET /media/portadas/Fujo_de_trabajo.png HTTP/1.1" 404 4170
INFO 2025-06-10 12:33:45,367 basehttp 13472 9136 "GET /accounts/login/ HTTP/1.1" 200 3673
INFO 2025-06-10 12:33:51,863 basehttp 13472 9136 "POST /accounts/login/ HTTP/1.1" 200 3687
INFO 2025-06-10 13:42:34,389 autoreload 11172 12416 Watching for file changes with StatReloader
INFO 2025-06-10 13:42:53,179 views 11172 4772 Usuario no autenticado o no-admin viendo libros públicos.
INFO 2025-06-10 13:42:53,405 basehttp 11172 4772 "GET / HTTP/1.1" 200 4744
WARNING 2025-06-10 13:42:53,539 log 11172 4772 Not Found: /media/portadas/Fujo_de_trabajo.png
WARNING 2025-06-10 13:42:53,540 basehttp 11172 4772 "GET /media/portadas/Fujo_de_trabajo.png HTTP/1.1" 404 4170
WARNING 2025-06-10 13:42:54,718 log 11172 4772 Not Found: /favicon.ico
WARNING 2025-06-10 13:42:54,725 basehttp 11172 4772 "GET /favicon.ico HTTP/1.1" 404 4355
INFO 2025-06-10 13:43:04,596 basehttp 11172 11640 "GET /accounts/login/ HTTP/1.1" 200 3673
INFO 2025-06-10 13:43:13,403 basehttp 11172 11640 "POST /accounts/login/ HTTP/1.1" 200 3688
INFO 2025-06-10 13:43:22,910 basehttp 11172 11640 "POST /accounts/login/ HTTP/1.1" 200 3688
INFO 2025-06-10 13:43:29,264 basehttp 11172 11640 "POST /accounts/login/ HTTP/1.1" 200 3687
INFO 2025-06-10 13:43:39,084 basehttp 11172 11640 "POST /accounts/login/ HTTP/1.1" 302 0
INFO 2025-06-10 13:43:39,101 views 11172 11640 Usuario no autenticado o no-admin viendo libros públicos.
INFO 2025-06-10 13:43:39,115 basehttp 11172 11640 "GET / HTTP/1.1" 200 5798
WARNING 2025-06-10 13:43:39,152 log 11172 11640 Not Found: /media/portadas/Fujo_de_trabajo.png
WARNING 2025-06-10 13:43:39,153 basehttp 11172 11640 "GET /media/portadas/Fujo_de_trabajo.png HTTP/1.1" 404 4170
INFO 2025-06-10 13:43:44,975 views 11172 11640 Mostrando detalle del libro 'wa'.
INFO 2025-06-10 13:43:45,118 basehttp 11172 11640 "GET /libro/2/ HTTP/1.1" 200 5426
WARNING 2025-06-10 13:43:45,154 log 11172 11640 Not Found: /media/portadas/Fujo_de_trabajo.png
WARNING 2025-06-10 13:43:45,155 basehttp 11172 11640 "GET /media/portadas/Fujo_de_trabajo.png HTTP/1.1" 404 4170
WARNING 2025-06-10 13:43:51,486 log 11172 11640 Not Found: /media/libros_pdf/manangement.pdf
WARNING 2025-06-10 13:43:51,487 basehttp 11172 11640 "GET /media/libros_pdf/manangement.pdf HTTP/1.1" 404 4162
INFO 2025-06-10 13:44:07,270 basehttp 11172 11640 "GET /libro/crear/ HTTP/1.1" 200 7217
INFO 2025-06-10 13:57:47,339 autoreload 13604 8944 Watching for file changes with StatReloader
INFO 2025-06-10 14:01:40,019 autoreload 13604 8944 C:\Users\rafco\Desktop\portal_libros_seguro\portal_libros_seguro_project\settings.py changed, reloading.
INFO 2025-06-10 14:01:40,989 autoreload 10760 6336 Watching for file changes with StatReloader
INFO 2025-06-10 14:02:43,404 autoreload 10760 6336 C:\Users\rafco\Desktop\portal_libros_seguro\portal_libros_seguro_project\settings.py changed, reloading.
INFO 2025-06-10 15:59:38,769 autoreload 15644 16116 Watching for file changes with StatReloader
INFO 2025-06-10 15:59:47,395 views 15644 11788 Usuario no autenticado o no-admin viendo libros públicos.
INFO 2025-06-10 15:59:47,450 basehttp 15644 11788 "GET / HTTP/1.1" 200 4744
WARNING 2025-06-10 15:59:47,554 log 15644 11788 Not Found: /media/portadas/Fujo_de_trabajo.png
WARNING 2025-06-10 15:59:47,555 basehttp 15644 11788 "GET /media/portadas/Fujo_de_trabajo.png HTTP/1.1" 404 179
WARNING 2025-06-10 15:59:48,055 log 15644 11788 Not Found: /favicon.ico
WARNING 2025-06-10 15:59:48,056 basehttp 15644 11788 "GET /favicon.ico HTTP/1.1" 404 179
INFO 2025-06-10 15:59:51,712 basehttp 15644 11788 "GET /accounts/login/ HTTP/1.1" 200 3673
INFO 2025-06-10 16:00:07,937 basehttp 15644 11788 "POST /accounts/login/ HTTP/1.1" 302 0
INFO 2025-06-10 16:00:07,953 views 15644 11788 Usuario no autenticado o no-admin viendo libros públicos.
INFO 2025-06-10 16:00:07,961 basehttp 15644 11788 "GET / HTTP/1.1" 200 5798
WARNING 2025-06-10 16:00:07,999 log 15644 11788 Not Found: /media/portadas/Fujo_de_trabajo.png
WARNING 2025-06-10 16:00:08,000 basehttp 15644 11788 "GET /media/portadas/Fujo_de_trabajo.png HTTP/1.1" 404 179
INFO 2025-06-10 16:00:14,397 views 15644 11788 Mostrando detalle del libro 'wa'.
INFO 2025-06-10 16:00:14,461 basehttp 15644 11788 "GET /libro/2/ HTTP/1.1" 200 5426
WARNING 2025-06-10 16:00:14,503 log 15644 11788 Not Found: /media/portadas/Fujo_de_trabajo.png
WARNING 2025-06-10 16:00:14,504 basehttp 15644 11788 "GET /media/portadas/Fujo_de_trabajo.png HTTP/1.1" 404 179
WARNING 2025-06-10 16:00:16,025 log 15644 11788 Not Found: /media/libros_pdf/manangement.pdf
WARNING 2025-06-10 16:00:16,027 basehttp 15644 11788 "GET /media/libros_pdf/manangement.pdf HTTP/1.1" 404 179
INFO 2025-06-10 16:17:41,799 autoreload 15644 16116 C:\Users\rafco\Desktop\portal_libros_seguro\portal_libros_seguro_project\settings.py changed, reloading.
INFO 2025-06-10 16:17:42,667 autoreload 15804 14280 Watching for file changes with StatReloader
INFO 2025-06-10 16:17:44,082 autoreload 15804 14280 C:\Users\rafco\Desktop\portal_libros_seguro\portal_libros_seguro_project\settings.py changed, reloading.
INFO 2025-06-10 16:17:44,844 autoreload 13364 15624 Watching for file changes with StatReloader
INFO 2025-06-10 16:19:20,400 autoreload 13364 15624 C:\Users\rafco\Desktop\portal_libros_seguro\portal_libros_seguro_project\settings.py changed, reloading.
INFO 2025-06-10 16:29:51,408 autoreload 16348 13464 Watching for file changes with StatReloader
INFO 2025-06-10 16:30:03,852 views 16348 13460 Usuario no autenticado o no-admin viendo libros públicos.
INFO 2025-06-10 16:30:04,222 basehttp 16348 13460 "GET / HTTP/1.1" 200 2303
INFO 2025-06-10 16:30:10,617 basehttp 16348 13460 "GET /accounts/register/ HTTP/1.1" 200 5165
INFO 2025-06-10 16:30:34,251 views 16348 13460 Nuevo usuario registrado y logueado: 'rafcor'.
INFO 2025-06-10 16:30:35,496 basehttp 16348 13460 "POST /accounts/register/ HTTP/1.1" 302 0
INFO 2025-06-10 16:30:38,003 views 16348 13460 Usuario no autenticado o no-admin viendo libros públicos.
INFO 2025-06-10 16:30:38,263 basehttp 16348 13460 "GET / HTTP/1.1" 200 3472
INFO 2025-06-10 16:30:52,089 basehttp 16348 13460 "POST /accounts/logout/ HTTP/1.1" 302 0
INFO 2025-06-10 16:30:52,098 views 16348 13460 Usuario no autenticado o no-admin viendo libros públicos.
INFO 2025-06-10 16:30:54,835 basehttp 16348 13460 "GET / HTTP/1.1" 200 2303
INFO 2025-06-10 16:31:11,846 basehttp 16348 13460 "GET /accounts/login/ HTTP/1.1" 200 3673
INFO 2025-06-10 16:31:24,065 basehttp 16348 13460 "POST /accounts/login/ HTTP/1.1" 302 0
INFO 2025-06-10 16:31:26,014 views 16348 13460 Usuario no autenticado o no-admin viendo libros públicos.
INFO 2025-06-10 16:31:26,425 basehttp 16348 13460 "GET / HTTP/1.1" 200 3472
INFO 2025-06-10 16:31:35,336 basehttp 16348 13460 "GET /libro/crear/ HTTP/1.1" 200 7219
INFO 2025-06-10 16:33:11,790 views 16348 13460 Usuario 'rafcor' creó el libro 'Crimen y Castigo'.
INFO 2025-06-10 16:33:11,793 basehttp 16348 13460 "POST /libro/crear/ HTTP/1.1" 302 0
INFO 2025-06-10 16:33:14,569 views 16348 13460 Usuario no autenticado o no-admin viendo libros públicos.
INFO 2025-06-10 16:33:15,278 basehttp 16348 13460 "GET / HTTP/1.1" 200 4212
WARNING 2025-06-10 16:33:15,336 log 16348 13460 Not Found: /media/portadas/crime__y_castigo.jpg
WARNING 2025-06-10 16:33:15,345 basehttp 16348 13460 "GET /media/portadas/crime__y_castigo.jpg HTTP/1.1" 404 179
INFO 2025-06-10 16:33:23,976 views 16348 13460 Mostrando detalle del libro 'Crimen y Castigo'.
INFO 2025-06-10 16:33:25,205 basehttp 16348 13460 "GET /libro/1/ HTTP/1.1" 200 5196
WARNING 2025-06-10 16:33:25,261 log 16348 13460 Not Found: /media/portadas/crime__y_castigo.jpg
WARNING 2025-06-10 16:33:25,263 basehttp 16348 13460 "GET /media/portadas/crime__y_castigo.jpg HTTP/1.1" 404 179
WARNING 2025-06-10 16:33:28,002 log 16348 13460 Not Found: /media/libros_pdf/Lautreamont_Conde_De_-_Los_Cantos_de_Maldoror.pdf
WARNING 2025-06-10 16:33:28,005 basehttp 16348 13460 "GET /media/libros_pdf/Lautreamont_Conde_De_-_Los_Cantos_de_Maldoror.pdf HTTP/1.1" 404 179
INFO 2025-06-10 16:34:22,642 views 16348 13460 Usuario 'rafcor' añadió un comentario al libro 'Crimen y Castigo'.
INFO 2025-06-10 16:34:22,645 basehttp 16348 13460 "POST /libro/1/ HTTP/1.1" 302 0
INFO 2025-06-10 16:34:27,577 views 16348 13460 Mostrando detalle del libro 'Crimen y Castigo'.
INFO 2025-06-10 16:34:31,022 basehttp 16348 13460 "GET /libro/1/ HTTP/1.1" 200 5456
WARNING 2025-06-10 16:34:31,091 log 16348 13460 Not Found: /media/portadas/crime__y_castigo.jpg
WARNING 2025-06-10 16:34:31,093 basehttp 16348 13460 "GET /media/portadas/crime__y_castigo.jpg HTTP/1.1" 404 179
INFO 2025-06-10 16:35:01,759 autoreload 16348 13464 C:\Users\rafco\Desktop\portal_libros_seguro\portal_libros_seguro_project\settings.py changed, reloading.
INFO 2025-06-10 16:35:03,624 autoreload 11196 13436 Watching for file changes with StatReloader
WARNING 2025-06-10 16:35:06,836 log 11196 12112 Not Found: /libro/1/
WARNING 2025-06-10 16:35:06,838 basehttp 11196 12112 "GET /libro/1/ HTTP/1.1" 404 179
WARNING 2025-06-10 16:35:07,713 log 11196 12112 Not Found: /libro/1/
WARNING 2025-06-10 16:35:07,714 basehttp 11196 12112 "GET /libro/1/ HTTP/1.1" 404 179
INFO 2025-06-10 16:35:10,801 views 11196 12112 Usuario no autenticado o no-admin viendo libros públicos.
INFO 2025-06-10 16:35:10,854 basehttp 11196 12112 "GET / HTTP/1.1" 200 4744
WARNING 2025-06-10 16:35:10,897 log 11196 12112 Not Found: /media/portadas/Fujo_de_trabajo.png
WARNING 2025-06-10 16:35:10,898 basehttp 11196 12112 "GET /media/portadas/Fujo_de_trabajo.png HTTP/1.1" 404 179
INFO 2025-06-10 16:35:14,172 views 11196 12112 Mostrando detalle del libro 'wa'.
INFO 2025-06-10 16:35:14,214 basehttp 11196 12112 "GET /libro/2/ HTTP/1.1" 200 3998
WARNING 2025-06-10 16:35:14,249 log 11196 12112 Not Found: /media/portadas/Fujo_de_trabajo.png
WARNING 2025-06-10 16:35:14,250 basehttp 11196 12112 "GET /media/portadas/Fujo_de_trabajo.png HTTP/1.1" 404 179
INFO 2025-06-10 16:35:23,901 views 11196 12112 Usuario no autenticado o no-admin viendo libros públicos.
INFO 2025-06-10 16:35:23,907 basehttp 11196 12112 "GET / HTTP/1.1" 200 4744
INFO 2025-06-10 16:35:25,342 views 11196 12112 Mostrando detalle del libro 'g'.
INFO 2025-06-10 16:35:25,347 basehttp 11196 12112 "GET /libro/3/ HTTP/1.1" 200 3289
INFO 2025-06-10 16:35:30,730 views 11196 12112 Mostrando detalle del libro 'aaaa'.
INFO 2025-06-10 16:35:30,735 basehttp 11196 12112 "GET /libro/4/ HTTP/1.1" 200 3505
INFO 2025-06-10 16:35:36,929 basehttp 11196 12112 "GET /accounts/login/ HTTP/1.1" 200 3673
INFO 2025-06-10 16:35:40,569 basehttp 11196 12112 "POST /accounts/login/ HTTP/1.1" 200 3688
INFO 2025-06-10 16:35:46,149 basehttp 11196 12112 "POST /accounts/login/ HTTP/1.1" 200 3686
INFO 2025-06-10 16:35:56,714 basehttp 11196 12112 "POST /accounts/login/ HTTP/1.1" 302 0
INFO 2025-06-10 16:35:56,727 views 11196 12112 Usuario no autenticado o no-admin viendo libros públicos.
INFO 2025-06-10 16:35:56,734 basehttp 11196 12112 "GET / HTTP/1.1" 200 5798
WARNING 2025-06-10 16:35:56,785 log 11196 12112 Not Found: /media/portadas/Fujo_de_trabajo.png
WARNING 2025-06-10 16:35:56,787 basehttp 11196 12112 "GET /media/portadas/Fujo_de_trabajo.png HTTP/1.1" 404 179
INFO 2025-06-10 16:36:09,314 basehttp 11196 12112 "GET /libro/crear/ HTTP/1.1" 200 7217
INFO 2025-06-10 16:36:40,250 views 11196 12112 Usuario 'rafa' creó el libro 'Crimen y Castigo'.
INFO 2025-06-10 16:36:40,252 basehttp 11196 12112 "POST /libro/crear/ HTTP/1.1" 302 0
INFO 2025-06-10 16:36:40,276 views 11196 12112 Usuario no autenticado o no-admin viendo libros públicos.
INFO 2025-06-10 16:36:40,294 basehttp 11196 12112 "GET / HTTP/1.1" 200 6662
WARNING 2025-06-10 16:36:40,383 log 11196 12112 Not Found: /media/portadas/Fujo_de_trabajo.png
WARNING 2025-06-10 16:36:40,391 log 11196 11276 Not Found: /media/portadas/crime__y_castigo_aPXw1hP.jpg
WARNING 2025-06-10 16:36:40,393 basehttp 11196 12112 "GET /media/portadas/Fujo_de_trabajo.png HTTP/1.1" 404 179
WARNING 2025-06-10 16:36:40,395 basehttp 11196 11276 "GET /media/portadas/crime__y_castigo_aPXw1hP.jpg HTTP/1.1" 404 179
INFO 2025-06-10 16:36:45,664 views 11196 11276 Mostrando detalle del libro 'Crimen y Castigo'.
INFO 2025-06-10 16:36:45,672 basehttp 11196 11276 "GET /libro/5/ HTTP/1.1" 200 5214
WARNING 2025-06-10 16:36:45,705 log 11196 11276 Not Found: /media/portadas/crime__y_castigo_aPXw1hP.jpg
WARNING 2025-06-10 16:36:45,707 basehttp 11196 11276 "GET /media/portadas/crime__y_castigo_aPXw1hP.jpg HTTP/1.1" 404 179
WARNING 2025-06-10 16:38:16,809 log 11196 11276 Not Found: /media/libros_pdf/Lautreamont_Conde_De_-_Los_Cantos_de_Maldoror_1WAZagv.pdf
WARNING 2025-06-10 16:38:16,810 basehttp 11196 11276 "GET /media/libros_pdf/Lautreamont_Conde_De_-_Los_Cantos_de_Maldoror_1WAZagv.pdf HTTP/1.1" 404 179
INFO 2025-06-10 16:38:30,443 autoreload 11196 13436 C:\Users\rafco\Desktop\portal_libros_seguro\portal_libros_seguro_project\settings.py changed, reloading.
INFO 2025-06-10 16:38:32,693 autoreload 13768 8464 Watching for file changes with StatReloader
INFO 2025-06-10 16:38:35,292 basehttp 13768 3572 "GET /libro/crear/ HTTP/1.1" 200 7217
INFO 2025-06-10 16:38:47,060 views 13768 3572 Usuario 'rafa' creó el libro 'afas'.
INFO 2025-06-10 16:38:47,062 basehttp 13768 3572 "POST /libro/crear/ HTTP/1.1" 302 0
INFO 2025-06-10 16:38:47,076 views 13768 3572 Usuario no autenticado o no-admin viendo libros públicos.
INFO 2025-06-10 16:38:47,094 basehttp 13768 3572 "GET / HTTP/1.1" 200 7469
WARNING 2025-06-10 16:38:47,150 log 13768 3572 Not Found: /media/portadas/Fujo_de_trabajo.png
WARNING 2025-06-10 16:38:47,151 log 13768 7496 Not Found: /media/portadas/crime__y_castigo_aPXw1hP.jpg
WARNING 2025-06-10 16:38:47,151 log 13768 10460 Not Found: /media/portadas/crime__y_castigo.jpg
WARNING 2025-06-10 16:38:47,153 basehttp 13768 3572 "GET /media/portadas/Fujo_de_trabajo.png HTTP/1.1" 404 179
WARNING 2025-06-10 16:38:47,154 basehttp 13768 7496 "GET /media/portadas/crime__y_castigo_aPXw1hP.jpg HTTP/1.1" 404 179
WARNING 2025-06-10 16:38:47,155 basehttp 13768 10460 "GET /media/portadas/crime__y_castigo.jpg HTTP/1.1" 404 179
INFO 2025-06-10 16:39:16,174 views 13768 10460 Usuario no autenticado o no-admin viendo libros públicos.
INFO 2025-06-10 16:39:16,179 basehttp 13768 10460 "GET / HTTP/1.1" 200 7469
WARNING 2025-06-10 16:39:16,209 log 13768 10460 Not Found: /media/portadas/Fujo_de_trabajo.png
WARNING 2025-06-10 16:39:16,210 basehttp 13768 10460 "GET /media/portadas/Fujo_de_trabajo.png HTTP/1.1" 404 179
WARNING 2025-06-10 16:39:16,218 log 13768 10460 Not Found: /media/portadas/crime__y_castigo_aPXw1hP.jpg
WARNING 2025-06-10 16:39:16,221 log 13768 7496 Not Found: /media/portadas/crime__y_castigo.jpg
WARNING 2025-06-10 16:39:16,223 basehttp 13768 10460 "GET /media/portadas/crime__y_castigo_aPXw1hP.jpg HTTP/1.1" 404 179
WARNING 2025-06-10 16:39:16,224 basehttp 13768 7496 "GET /media/portadas/crime__y_castigo.jpg HTTP/1.1" 404 179
INFO 2025-06-10 16:39:18,863 views 13768 7496 Usuario no autenticado o no-admin viendo libros públicos.
INFO 2025-06-10 16:39:18,867 basehttp 13768 7496 "GET / HTTP/1.1" 200 7469
WARNING 2025-06-10 16:39:18,895 log 13768 7496 Not Found: /media/portadas/Fujo_de_trabajo.png
WARNING 2025-06-10 16:39:18,896 basehttp 13768 7496 "GET /media/portadas/Fujo_de_trabajo.png HTTP/1.1" 404 179
WARNING 2025-06-10 16:39:18,914 log 13768 7496 Not Found: /media/portadas/crime__y_castigo_aPXw1hP.jpg
WARNING 2025-06-10 16:39:18,915 log 13768 10460 Not Found: /media/portadas/crime__y_castigo.jpg
WARNING 2025-06-10 16:39:18,917 basehttp 13768 10460 "GET /media/portadas/crime__y_castigo.jpg HTTP/1.1" 404 179
WARNING 2025-06-10 16:39:18,918 basehttp 13768 7496 "GET /media/portadas/crime__y_castigo_aPXw1hP.jpg HTTP/1.1" 404 179
INFO 2025-06-10 16:39:20,774 views 13768 10460 Usuario no autenticado o no-admin viendo libros públicos.
INFO 2025-06-10 16:39:20,779 basehttp 13768 10460 "GET / HTTP/1.1" 200 7469
WARNING 2025-06-10 16:39:20,804 log 13768 10460 Not Found: /media/portadas/Fujo_de_trabajo.png
WARNING 2025-06-10 16:39:20,805 basehttp 13768 10460 "GET /media/portadas/Fujo_de_trabajo.png HTTP/1.1" 404 179
WARNING 2025-06-10 16:39:20,810 log 13768 10460 Not Found: /media/portadas/crime__y_castigo_aPXw1hP.jpg
WARNING 2025-06-10 16:39:20,813 log 13768 7496 Not Found: /media/portadas/crime__y_castigo.jpg
WARNING 2025-06-10 16:39:20,815 basehttp 13768 7496 "GET /media/portadas/crime__y_castigo.jpg HTTP/1.1" 404 179
WARNING 2025-06-10 16:39:20,815 basehttp 13768 10460 "GET /media/portadas/crime__y_castigo_aPXw1hP.jpg HTTP/1.1" 404 179
INFO 2025-06-10 16:42:37,900 autoreload 13768 8464 C:\Users\rafco\Desktop\portal_libros_seguro\portal_libros_seguro_project\settings.py changed, reloading.
INFO 2025-06-10 16:42:39,201 autoreload 2372 14364 Watching for file changes with StatReloader
INFO 2025-06-10 17:01:40,588 autoreload 3568 10244 Watching for file changes with StatReloader
INFO 2025-06-10 17:01:52,048 views 3568 8876 Usuario no autenticado o no-admin viendo libros públicos.
INFO 2025-06-10 17:01:52,084 basehttp 3568 8876 "GET / HTTP/1.1" 200 7469
WARNING 2025-06-10 17:01:52,113 log 3568 8876 Not Found: /media/portadas/Fujo_de_trabajo.png
WARNING 2025-06-10 17:01:52,115 basehttp 3568 8876 "GET /media/portadas/Fujo_de_trabajo.png HTTP/1.1" 404 179
WARNING 2025-06-10 17:01:52,120 log 3568 8876 Not Found: /media/portadas/crime__y_castigo_aPXw1hP.jpg
WARNING 2025-06-10 17:01:52,123 log 3568 11776 Not Found: /media/portadas/crime__y_castigo.jpg
WARNING 2025-06-10 17:01:52,124 basehttp 3568 8876 "GET /media/portadas/crime__y_castigo_aPXw1hP.jpg HTTP/1.1" 404 179
WARNING 2025-06-10 17:01:52,125 basehttp 3568 11776 "GET /media/portadas/crime__y_castigo.jpg HTTP/1.1" 404 179
INFO 2025-06-10 17:01:53,412 views 3568 11776 Usuario no autenticado o no-admin viendo libros públicos.
INFO 2025-06-10 17:01:53,417 basehttp 3568 11776 "GET / HTTP/1.1" 200 7469
WARNING 2025-06-10 17:01:53,445 log 3568 11776 Not Found: /media/portadas/Fujo_de_trabajo.png
WARNING 2025-06-10 17:01:53,447 basehttp 3568 11776 "GET /media/portadas/Fujo_de_trabajo.png HTTP/1.1" 404 179
WARNING 2025-06-10 17:01:53,455 log 3568 11776 Not Found: /media/portadas/crime__y_castigo_aPXw1hP.jpg
WARNING 2025-06-10 17:01:53,456 log 3568 8876 Not Found: /media/portadas/crime__y_castigo.jpg
WARNING 2025-06-10 17:01:53,457 basehttp 3568 11776 "GET /media/portadas/crime__y_castigo_aPXw1hP.jpg HTTP/1.1" 404 179
WARNING 2025-06-10 17:01:53,458 basehttp 3568 8876 "GET /media/portadas/crime__y_castigo.jpg HTTP/1.1" 404 179
INFO 2025-06-10 17:01:56,293 views 3568 8876 Mostrando detalle del libro 'afas'.
INFO 2025-06-10 17:01:56,316 basehttp 3568 8876 "GET /libro/6/ HTTP/1.1" 200 4868
WARNING 2025-06-10 17:01:56,341 log 3568 8876 Not Found: /media/portadas/crime__y_castigo.jpg
WARNING 2025-06-10 17:01:56,342 basehttp 3568 8876 "GET /media/portadas/crime__y_castigo.jpg HTTP/1.1" 404 179
INFO 2025-06-10 17:01:58,432 basehttp 3568 8876 "GET /libro/6/editar/ HTTP/1.1" 200 7486
INFO 2025-06-10 17:02:07,375 views 3568 8876 Usuario 'rafa' actualizó el libro 'afas'.
INFO 2025-06-10 17:02:07,375 basehttp 3568 8876 "POST /libro/6/editar/ HTTP/1.1" 302 0
INFO 2025-06-10 17:02:07,382 views 3568 8876 Usuario no autenticado o no-admin viendo libros públicos.
INFO 2025-06-10 17:02:07,387 basehttp 3568 8876 "GET / HTTP/1.1" 200 7491
WARNING 2025-06-10 17:02:07,415 log 3568 8876 Not Found: /media/portadas/Fujo_de_trabajo.png
WARNING 2025-06-10 17:02:07,416 basehttp 3568 8876 "GET /media/portadas/Fujo_de_trabajo.png HTTP/1.1" 404 179
WARNING 2025-06-10 17:02:07,427 log 3568 8876 Not Found: /media/portadas/crime__y_castigo_aPXw1hP.jpg
WARNING 2025-06-10 17:02:07,428 basehttp 3568 8876 "GET /media/portadas/crime__y_castigo_aPXw1hP.jpg HTTP/1.1" 404 179
INFO 2025-06-10 17:02:10,682 views 3568 8876 Mostrando detalle del libro 'afas'.
INFO 2025-06-10 17:02:10,691 basehttp 3568 8876 "GET /libro/6/ HTTP/1.1" 200 4890
INFO 2025-06-10 17:02:13,838 basehttp 3568 8876 "GET /libro/6/editar/ HTTP/1.1" 200 7271
INFO 2025-06-10 17:02:22,561 views 3568 8876 Usuario 'rafa' actualizó el libro 'afas'.
INFO 2025-06-10 17:02:22,562 basehttp 3568 8876 "POST /libro/6/editar/ HTTP/1.1" 302 0
INFO 2025-06-10 17:02:22,571 views 3568 8876 Usuario no autenticado o no-admin viendo libros públicos.
INFO 2025-06-10 17:02:22,575 basehttp 3568 8876 "GET / HTTP/1.1" 200 7477
WARNING 2025-06-10 17:02:22,603 log 3568 8876 Not Found: /media/portadas/Fujo_de_trabajo.png
WARNING 2025-06-10 17:02:22,605 log 3568 11776 Not Found: /media/portadas/crime__y_castigo_jhKKq5E.jpg
WARNING 2025-06-10 17:02:22,607 log 3568 12856 Not Found: /media/portadas/crime__y_castigo_aPXw1hP.jpg
WARNING 2025-06-10 17:02:22,608 basehttp 3568 8876 "GET /media/portadas/Fujo_de_trabajo.png HTTP/1.1" 404 179
WARNING 2025-06-10 17:02:22,609 basehttp 3568 11776 "GET /media/portadas/crime__y_castigo_jhKKq5E.jpg HTTP/1.1" 404 179
WARNING 2025-06-10 17:02:22,610 basehttp 3568 12856 "GET /media/portadas/crime__y_castigo_aPXw1hP.jpg HTTP/1.1" 404 179
INFO 2025-06-10 17:06:39,434 views 3568 13864 Usuario no autenticado o no-admin viendo libros públicos.
INFO 2025-06-10 17:06:39,441 basehttp 3568 13864 "GET / HTTP/1.1" 200 7477
WARNING 2025-06-10 17:06:39,473 log 3568 13864 Not Found: /media/portadas/Fujo_de_trabajo.png
WARNING 2025-06-10 17:06:39,476 basehttp 3568 13864 "GET /media/portadas/Fujo_de_trabajo.png HTTP/1.1" 404 179
WARNING 2025-06-10 17:06:39,483 log 3568 13864 Not Found: /media/portadas/crime__y_castigo_aPXw1hP.jpg
WARNING 2025-06-10 17:06:39,486 log 3568 10576 Not Found: /media/portadas/crime__y_castigo_jhKKq5E.jpg
WARNING 2025-06-10 17:06:39,488 basehttp 3568 13864 "GET /media/portadas/crime__y_castigo_aPXw1hP.jpg HTTP/1.1" 404 179
WARNING 2025-06-10 17:06:39,488 basehttp 3568 10576 "GET /media/portadas/crime__y_castigo_jhKKq5E.jpg HTTP/1.1" 404 179
INFO 2025-06-10 17:06:41,805 views 3568 10576 Usuario no autenticado o no-admin viendo libros públicos.
INFO 2025-06-10 17:06:41,810 basehttp 3568 10576 "GET / HTTP/1.1" 200 7477
WARNING 2025-06-10 17:06:41,841 log 3568 10576 Not Found: /media/portadas/Fujo_de_trabajo.png
WARNING 2025-06-10 17:06:41,842 log 3568 13864 Not Found: /media/portadas/crime__y_castigo_aPXw1hP.jpg
WARNING 2025-06-10 17:06:41,845 log 3568 14652 Not Found: /media/portadas/crime__y_castigo_jhKKq5E.jpg
WARNING 2025-06-10 17:06:41,845 basehttp 3568 10576 "GET /media/portadas/Fujo_de_trabajo.png HTTP/1.1" 404 179
WARNING 2025-06-10 17:06:41,846 basehttp 3568 13864 "GET /media/portadas/crime__y_castigo_aPXw1hP.jpg HTTP/1.1" 404 179
WARNING 2025-06-10 17:06:41,847 basehttp 3568 14652 "GET /media/portadas/crime__y_castigo_jhKKq5E.jpg HTTP/1.1" 404 179
INFO 2025-06-10 17:06:43,326 views 3568 14652 Mostrando detalle del libro 'wa'.
INFO 2025-06-10 17:06:43,387 basehttp 3568 14652 "GET /libro/2/ HTTP/1.1" 200 5426
WARNING 2025-06-10 17:06:43,407 log 3568 14652 Not Found: /media/portadas/Fujo_de_trabajo.png
WARNING 2025-06-10 17:06:43,408 basehttp 3568 14652 "GET /media/portadas/Fujo_de_trabajo.png HTTP/1.1" 404 179
WARNING 2025-06-10 17:06:45,072 log 3568 14652 Not Found: /media/libros_pdf/manangement.pdf
WARNING 2025-06-10 17:06:45,073 basehttp 3568 14652 "GET /media/libros_pdf/manangement.pdf HTTP/1.1" 404 179
INFO 2025-06-10 17:08:26,357 autoreload 3568 10244 C:\Users\rafco\Desktop\portal_libros_seguro\portal_libros_seguro_project\settings.py changed, reloading.
INFO 2025-06-10 17:08:27,491 autoreload 1468 15248 Watching for file changes with StatReloader
INFO 2025-06-10 17:09:10,510 views 1468 11876 Usuario no autenticado o no-admin viendo libros públicos.
INFO 2025-06-10 17:09:10,613 basehttp 1468 11876 "GET / HTTP/1.1" 200 7459
WARNING 2025-06-10 17:09:10,642 log 1468 11876 Not Found: /portadas/Fujo_de_trabajo.png
WARNING 2025-06-10 17:09:10,643 basehttp 1468 11876 "GET /portadas/Fujo_de_trabajo.png HTTP/1.1" 404 179
WARNING 2025-06-10 17:09:10,657 log 1468 11876 Not Found: /portadas/crime__y_castigo_aPXw1hP.jpg
WARNING 2025-06-10 17:09:10,658 basehttp 1468 11876 "GET /portadas/crime__y_castigo_aPXw1hP.jpg HTTP/1.1" 404 179
WARNING 2025-06-10 17:09:10,669 log 1468 11876 Not Found: /portadas/crime__y_castigo_jhKKq5E.jpg
WARNING 2025-06-10 17:09:10,670 basehttp 1468 11876 "GET /portadas/crime__y_castigo_jhKKq5E.jpg HTTP/1.1" 404 179
WARNING 2025-06-10 17:09:11,412 log 1468 11876 Not Found: /favicon.ico
WARNING 2025-06-10 17:09:11,414 basehttp 1468 11876 "GET /favicon.ico HTTP/1.1" 404 179
INFO 2025-06-10 17:09:51,907 views 1468 4496 Mostrando detalle del libro 'afas'.
INFO 2025-06-10 17:09:51,957 basehttp 1468 4496 "GET /libro/6/ HTTP/1.1" 200 4870
WARNING 2025-06-10 17:09:51,977 log 1468 4496 Not Found: /portadas/crime__y_castigo_jhKKq5E.jpg
WARNING 2025-06-10 17:09:51,979 basehttp 1468 4496 "GET /portadas/crime__y_castigo_jhKKq5E.jpg HTTP/1.1" 404 179
INFO 2025-06-10 17:09:53,600 basehttp 1468 4496 "GET /libro/6/editar/ HTTP/1.1" 200 7496
WARNING 2025-06-10 17:10:06,837 views 1468 13940 Usuario 'rafa' intentó actualizar el libro 'afas' con errores. Errores: {"portada": [{"message": "Please either submit a file or check the clear checkbox, not both.", "code": "contradiction"}]}
INFO 2025-06-10 17:10:06,843 basehttp 1468 13940 "POST /libro/6/editar/ HTTP/1.1" 200 7748
INFO 2025-06-10 17:10:15,165 views 1468 5784 Usuario 'rafa' actualizó el libro 'afas'.
INFO 2025-06-10 17:10:15,166 basehttp 1468 5784 "POST /libro/6/editar/ HTTP/1.1" 302 0
INFO 2025-06-10 17:10:15,172 views 1468 5784 Usuario no autenticado o no-admin viendo libros públicos.
INFO 2025-06-10 17:10:15,180 basehttp 1468 5784 "GET / HTTP/1.1" 200 7479
WARNING 2025-06-10 17:10:15,207 log 1468 5784 Not Found: /portadas/Fujo_de_trabajo.png
WARNING 2025-06-10 17:10:15,210 basehttp 1468 5784 "GET /portadas/Fujo_de_trabajo.png HTTP/1.1" 404 179
WARNING 2025-06-10 17:10:15,221 log 1468 5784 Not Found: /portadas/crime__y_castigo_aPXw1hP.jpg
WARNING 2025-06-10 17:10:15,223 basehttp 1468 5784 "GET /portadas/crime__y_castigo_aPXw1hP.jpg HTTP/1.1" 404 179
INFO 2025-06-10 17:10:18,650 views 1468 5784 Mostrando detalle del libro 'afas'.
INFO 2025-06-10 17:10:18,662 basehttp 1468 5784 "GET /libro/6/ HTTP/1.1" 200 4890
INFO 2025-06-10 17:10:20,818 basehttp 1468 5784 "GET /libro/6/editar/ HTTP/1.1" 200 7271
INFO 2025-06-10 17:10:28,934 views 1468 5784 Usuario 'rafa' actualizó el libro 'afas'.
INFO 2025-06-10 17:10:28,935 basehttp 1468 5784 "POST /libro/6/editar/ HTTP/1.1" 302 0
INFO 2025-06-10 17:10:28,943 views 1468 5784 Usuario no autenticado o no-admin viendo libros públicos.
INFO 2025-06-10 17:10:28,947 basehttp 1468 5784 "GET / HTTP/1.1" 200 7468
WARNING 2025-06-10 17:10:28,979 log 1468 5784 Not Found: /portadas/como_funciona_RNN_-_P\xe1gina_1.png
WARNING 2025-06-10 17:10:28,980 log 1468 5908 Not Found: /portadas/Fujo_de_trabajo.png
WARNING 2025-06-10 17:10:28,982 log 1468 14848 Not Found: /portadas/crime__y_castigo_aPXw1hP.jpg
WARNING 2025-06-10 17:10:28,984 basehttp 1468 5784 "GET /portadas/como_funciona_RNN_-_P%C3%A1gina_1.png HTTP/1.1" 404 179
WARNING 2025-06-10 17:10:28,986 basehttp 1468 5908 "GET /portadas/Fujo_de_trabajo.png HTTP/1.1" 404 179
WARNING 2025-06-10 17:10:28,986 basehttp 1468 14848 "GET /portadas/crime__y_castigo_aPXw1hP.jpg HTTP/1.1" 404 179
INFO 2025-06-10 17:10:56,105 views 1468 5908 Usuario no autenticado o no-admin viendo libros públicos.
INFO 2025-06-10 17:10:56,109 basehttp 1468 5908 "GET / HTTP/1.1" 200 7468
WARNING 2025-06-10 17:10:56,138 log 1468 5908 Not Found: /portadas/Fujo_de_trabajo.png
WARNING 2025-06-10 17:10:56,140 log 1468 14848 Not Found: /portadas/crime__y_castigo_aPXw1hP.jpg
WARNING 2025-06-10 17:10:56,142 log 1468 5784 Not Found: /portadas/como_funciona_RNN_-_P\xe1gina_1.png
WARNING 2025-06-10 17:10:56,143 basehttp 1468 14848 "GET /portadas/crime__y_castigo_aPXw1hP.jpg HTTP/1.1" 404 179
WARNING 2025-06-10 17:10:56,143 basehttp 1468 5908 "GET /portadas/Fujo_de_trabajo.png HTTP/1.1" 404 179
WARNING 2025-06-10 17:10:56,145 basehttp 1468 5784 "GET /portadas/como_funciona_RNN_-_P%C3%A1gina_1.png HTTP/1.1" 404 179
INFO 2025-06-10 17:10:57,418 views 1468 5784 Usuario no autenticado o no-admin viendo libros públicos.
INFO 2025-06-10 17:10:57,422 basehttp 1468 5784 "GET / HTTP/1.1" 200 7468
WARNING 2025-06-10 17:10:57,442 log 1468 5784 Not Found: /portadas/Fujo_de_trabajo.png
WARNING 2025-06-10 17:10:57,443 basehttp 1468 5784 "GET /portadas/Fujo_de_trabajo.png HTTP/1.1" 404 179
WARNING 2025-06-10 17:10:57,454 log 1468 5784 Not Found: /portadas/crime__y_castigo_aPXw1hP.jpg
WARNING 2025-06-10 17:10:57,455 log 1468 14848 Not Found: /portadas/como_funciona_RNN_-_P\xe1gina_1.png
WARNING 2025-06-10 17:10:57,457 basehttp 1468 5784 "GET /portadas/crime__y_castigo_aPXw1hP.jpg HTTP/1.1" 404 179
WARNING 2025-06-10 17:10:57,457 basehttp 1468 14848 "GET /portadas/como_funciona_RNN_-_P%C3%A1gina_1.png HTTP/1.1" 404 179
INFO 2025-06-10 17:11:22,737 views 1468 14224 Usuario no autenticado o no-admin viendo libros públicos.
INFO 2025-06-10 17:11:22,745 basehttp 1468 14224 "GET / HTTP/1.1" 200 7468
WARNING 2025-06-10 17:11:22,776 log 1468 14224 Not Found: /portadas/Fujo_de_trabajo.png
WARNING 2025-06-10 17:11:22,780 log 1468 12632 Not Found: /portadas/como_funciona_RNN_-_P\xe1gina_1.png
WARNING 2025-06-10 17:11:22,789 basehttp 1468 14224 "GET /portadas/Fujo_de_trabajo.png HTTP/1.1" 404 179
WARNING 2025-06-10 17:11:22,791 log 1468 11852 Not Found: /portadas/crime__y_castigo_aPXw1hP.jpg
WARNING 2025-06-10 17:11:22,792 basehttp 1468 12632 "GET /portadas/como_funciona_RNN_-_P%C3%A1gina_1.png HTTP/1.1" 404 179
WARNING 2025-06-10 17:11:22,793 basehttp 1468 11852 "GET /portadas/crime__y_castigo_aPXw1hP.jpg HTTP/1.1" 404 179
INFO 2025-06-10 17:11:26,656 views 1468 11852 Mostrando detalle del libro 'Crimen y Castigo'.
INFO 2025-06-10 17:11:26,665 basehttp 1468 11852 "GET /libro/5/ HTTP/1.1" 200 5202
WARNING 2025-06-10 17:11:26,702 log 1468 11852 Not Found: /portadas/crime__y_castigo_aPXw1hP.jpg
WARNING 2025-06-10 17:11:26,703 basehttp 1468 11852 "GET /portadas/crime__y_castigo_aPXw1hP.jpg HTTP/1.1" 404 179
INFO 2025-06-10 17:11:28,366 basehttp 1468 11852 "GET /libro/5/editar/ HTTP/1.1" 200 7889
INFO 2025-06-10 17:11:32,953 views 1468 11852 Mostrando detalle del libro 'Crimen y Castigo'.
INFO 2025-06-10 17:11:32,964 basehttp 1468 11852 "GET /libro/5/ HTTP/1.1" 200 5202
WARNING 2025-06-10 17:11:33,001 log 1468 11852 Not Found: /portadas/crime__y_castigo_aPXw1hP.jpg
WARNING 2025-06-10 17:11:33,001 basehttp 1468 11852 "GET /portadas/crime__y_castigo_aPXw1hP.jpg HTTP/1.1" 404 179
INFO 2025-06-10 17:12:20,929 views 1468 12160 Usuario no autenticado o no-admin viendo libros públicos.
INFO 2025-06-10 17:12:20,935 basehttp 1468 12160 "GET / HTTP/1.1" 200 7468
WARNING 2025-06-10 17:12:20,973 log 1468 12160 Not Found: /portadas/Fujo_de_trabajo.png
WARNING 2025-06-10 17:12:20,974 basehttp 1468 12160 "GET /portadas/Fujo_de_trabajo.png HTTP/1.1" 404 179
WARNING 2025-06-10 17:12:20,985 log 1468 12160 Not Found: /portadas/crime__y_castigo_aPXw1hP.jpg
WARNING 2025-06-10 17:12:20,987 log 1468 6384 Not Found: /portadas/como_funciona_RNN_-_P\xe1gina_1.png
WARNING 2025-06-10 17:12:20,989 basehttp 1468 12160 "GET /portadas/crime__y_castigo_aPXw1hP.jpg HTTP/1.1" 404 179
WARNING 2025-06-10 17:12:20,990 basehttp 1468 6384 "GET /portadas/como_funciona_RNN_-_P%C3%A1gina_1.png HTTP/1.1" 404 179
WARNING 2025-06-10 17:12:24,236 log 1468 6384 Not Found: /.well-known/appspecific/com.chrome.devtools.json
WARNING 2025-06-10 17:12:24,238 basehttp 1468 6384 "GET /.well-known/appspecific/com.chrome.devtools.json HTTP/1.1" 404 179
INFO 2025-06-10 17:13:10,980 views 1468 12436 Usuario no autenticado o no-admin viendo libros públicos.
INFO 2025-06-10 17:13:10,987 basehttp 1468 12436 "GET / HTTP/1.1" 200 7468
WARNING 2025-06-10 17:13:11,028 log 1468 12436 Not Found: /portadas/Fujo_de_trabajo.png
WARNING 2025-06-10 17:13:11,029 basehttp 1468 12436 "GET /portadas/Fujo_de_trabajo.png HTTP/1.1" 404 179
WARNING 2025-06-10 17:13:11,050 log 1468 12436 Not Found: /portadas/crime__y_castigo_aPXw1hP.jpg
WARNING 2025-06-10 17:13:11,052 log 1468 14296 Not Found: /portadas/como_funciona_RNN_-_P\xe1gina_1.png
WARNING 2025-06-10 17:13:11,053 basehttp 1468 12436 "GET /portadas/crime__y_castigo_aPXw1hP.jpg HTTP/1.1" 404 179
WARNING 2025-06-10 17:13:11,054 basehttp 1468 14296 "GET /portadas/como_funciona_RNN_-_P%C3%A1gina_1.png HTTP/1.1" 404 179
WARNING 2025-06-10 17:13:27,948 log 1468 4484 Not Found: /portadas/Fujo_de_trabajo.png
WARNING 2025-06-10 17:13:27,949 basehttp 1468 4484 "GET /portadas/Fujo_de_trabajo.png HTTP/1.1" 404 179
WARNING 2025-06-10 17:13:37,680 log 1468 10252 Not Found: /media/portadas/Fujo_de_trabajo.png
WARNING 2025-06-10 17:13:37,681 basehttp 1468 10252 "GET /media/portadas/Fujo_de_trabajo.png HTTP/1.1" 404 179
INFO 2025-06-10 17:15:16,127 views 1468 4300 Usuario no autenticado o no-admin viendo libros públicos.
INFO 2025-06-10 17:15:16,156 basehttp 1468 4300 "GET / HTTP/1.1" 200 7461
WARNING 2025-06-10 17:15:16,186 log 1468 4300 Not Found: /portadas/Fujo_de_trabajo.png
WARNING 2025-06-10 17:15:16,187 basehttp 1468 4300 "GET /portadas/Fujo_de_trabajo.png HTTP/1.1" 404 179
WARNING 2025-06-10 17:15:16,191 log 1468 8404 Not Found: /portadas/crime__y_castigo_aPXw1hP.jpg
WARNING 2025-06-10 17:15:16,193 basehttp 1468 8404 "GET /portadas/crime__y_castigo_aPXw1hP.jpg HTTP/1.1" 404 179
WARNING 2025-06-10 17:15:16,196 log 1468 4316 Not Found: /portadas/como_funciona_RNN_-_P\xe1gina_1.png
WARNING 2025-06-10 17:15:16,198 log 1468 4300 Not Found: /.well-known/appspecific/com.chrome.devtools.json
WARNING 2025-06-10 17:15:16,199 basehttp 1468 4316 "GET /portadas/como_funciona_RNN_-_P%C3%A1gina_1.png HTTP/1.1" 404 179
WARNING 2025-06-10 17:15:16,200 basehttp 1468 4300 "GET /.well-known/appspecific/com.chrome.devtools.json HTTP/1.1" 404 179
INFO 2025-06-10 17:15:25,708 views 1468 7912 Usuario no autenticado o no-admin viendo libros públicos.
INFO 2025-06-10 17:15:25,711 basehttp 1468 7912 "GET / HTTP/1.1" 200 7461
WARNING 2025-06-10 17:15:25,753 log 1468 7912 Not Found: /portadas/Fujo_de_trabajo.png
WARNING 2025-06-10 17:15:25,757 log 1468 14548 Not Found: /.well-known/appspecific/com.chrome.devtools.json
WARNING 2025-06-10 17:15:25,759 basehttp 1468 7912 "GET /portadas/Fujo_de_trabajo.png HTTP/1.1" 404 179
WARNING 2025-06-10 17:15:25,762 log 1468 10384 Not Found: /portadas/crime__y_castigo_aPXw1hP.jpg
WARNING 2025-06-10 17:15:25,765 log 1468 11368 Not Found: /portadas/como_funciona_RNN_-_P\xe1gina_1.png
WARNING 2025-06-10 17:15:25,766 basehttp 1468 14548 "GET /.well-known/appspecific/com.chrome.devtools.json HTTP/1.1" 404 179
WARNING 2025-06-10 17:15:25,766 basehttp 1468 10384 "GET /portadas/crime__y_castigo_aPXw1hP.jpg HTTP/1.1" 404 179
WARNING 2025-06-10 17:15:25,767 basehttp 1468 11368 "GET /portadas/como_funciona_RNN_-_P%C3%A1gina_1.png HTTP/1.1" 404 179
INFO 2025-06-10 17:15:25,768 basehttp 1468 14548 - Broken pipe from ('127.0.0.1', 55349)
INFO 2025-06-10 17:15:52,304 views 1468 16116 Usuario no autenticado o no-admin viendo libros públicos.
INFO 2025-06-10 17:15:52,311 basehttp 1468 16116 "GET / HTTP/1.1" 200 7468
WARNING 2025-06-10 17:15:52,362 log 1468 16116 Not Found: /portadas/Fujo_de_trabajo.png
WARNING 2025-06-10 17:15:52,363 log 1468 15168 Not Found: /portadas/crime__y_castigo_aPXw1hP.jpg
WARNING 2025-06-10 17:15:52,366 log 1468 9096 Not Found: /portadas/como_funciona_RNN_-_P\xe1gina_1.png
WARNING 2025-06-10 17:15:52,367 basehttp 1468 16116 "GET /portadas/Fujo_de_trabajo.png HTTP/1.1" 404 179
WARNING 2025-06-10 17:15:52,368 basehttp 1468 9096 "GET /portadas/como_funciona_RNN_-_P%C3%A1gina_1.png HTTP/1.1" 404 179
WARNING 2025-06-10 17:15:52,368 basehttp 1468 15168 "GET /portadas/crime__y_castigo_aPXw1hP.jpg HTTP/1.1" 404 179
WARNING 2025-06-10 17:15:52,372 log 1468 10772 Not Found: /.well-known/appspecific/com.chrome.devtools.json
WARNING 2025-06-10 17:15:52,376 basehttp 1468 10772 "GET /.well-known/appspecific/com.chrome.devtools.json HTTP/1.1" 404 179
INFO 2025-06-10 17:16:00,348 views 1468 10772 Usuario no autenticado o no-admin viendo libros públicos.
INFO 2025-06-10 17:16:00,354 basehttp 1468 10772 "GET / HTTP/1.1" 200 7468
WARNING 2025-06-10 17:16:00,428 log 1468 10772 Not Found: /portadas/Fujo_de_trabajo.png
WARNING 2025-06-10 17:16:00,429 basehttp 1468 10772 "GET /portadas/Fujo_de_trabajo.png HTTP/1.1" 404 179
WARNING 2025-06-10 17:16:00,475 log 1468 10772 Not Found: /portadas/crime__y_castigo_aPXw1hP.jpg
WARNING 2025-06-10 17:16:00,478 log 1468 15168 Not Found: /portadas/como_funciona_RNN_-_P\xe1gina_1.png
WARNING 2025-06-10 17:16:00,481 basehttp 1468 10772 "GET /portadas/crime__y_castigo_aPXw1hP.jpg HTTP/1.1" 404 179
WARNING 2025-06-10 17:16:00,493 basehttp 1468 15168 "GET /portadas/como_funciona_RNN_-_P%C3%A1gina_1.png HTTP/1.1" 404 179
WARNING 2025-06-10 17:16:01,943 log 1468 13024 Not Found: /media
WARNING 2025-06-10 17:16:01,944 basehttp 1468 13024 "GET /media HTTP/1.1" 404 179
WARNING 2025-06-10 17:16:18,271 log 1468 15012 Not Found: /portadas
WARNING 2025-06-10 17:16:18,272 basehttp 1468 15012 "GET /portadas HTTP/1.1" 404 179
INFO 2025-06-10 17:16:47,310 autoreload 8436 9344 Watching for file changes with StatReloader
INFO 2025-06-10 17:16:53,036 views 8436 15000 Usuario no autenticado o no-admin viendo libros públicos.
INFO 2025-06-10 17:16:53,070 basehttp 8436 15000 "GET / HTTP/1.1" 200 7486
WARNING 2025-06-10 17:16:53,099 log 8436 15000 Not Found: /media/portadas/Fujo_de_trabajo.png
WARNING 2025-06-10 17:16:53,103 basehttp 8436 15000 "GET /media/portadas/Fujo_de_trabajo.png HTTP/1.1" 404 179
WARNING 2025-06-10 17:16:53,109 log 8436 15000 Not Found: /media/portadas/crime__y_castigo_aPXw1hP.jpg
WARNING 2025-06-10 17:16:53,110 basehttp 8436 15000 "GET /media/portadas/crime__y_castigo_aPXw1hP.jpg HTTP/1.1" 404 179
WARNING 2025-06-10 17:16:53,113 log 8436 10384 Not Found: /.well-known/appspecific/com.chrome.devtools.json
WARNING 2025-06-10 17:16:53,118 log 8436 15000 Not Found: /media/portadas/como_funciona_RNN_-_P\xe1gina_1.png
WARNING 2025-06-10 17:16:53,119 basehttp 8436 10384 "GET /.well-known/appspecific/com.chrome.devtools.json HTTP/1.1" 404 179
WARNING 2025-06-10 17:16:53,123 basehttp 8436 15000 "GET /media/portadas/como_funciona_RNN_-_P%C3%A1gina_1.png HTTP/1.1" 404 179
INFO 2025-06-10 17:16:56,499 views 8436 15000 Usuario no autenticado o no-admin viendo libros públicos.
INFO 2025-06-10 17:16:56,504 basehttp 8436 15000 "GET / HTTP/1.1" 200 7486
WARNING 2025-06-10 17:16:56,536 log 8436 15000 Not Found: /media/portadas/Fujo_de_trabajo.png
WARNING 2025-06-10 17:16:56,537 basehttp 8436 15000 "GET /media/portadas/Fujo_de_trabajo.png HTTP/1.1" 404 179
WARNING 2025-06-10 17:16:56,549 log 8436 15000 Not Found: /.well-known/appspecific/com.chrome.devtools.json
WARNING 2025-06-10 17:16:56,551 log 8436 10384 Not Found: /media/portadas/crime__y_castigo_aPXw1hP.jpg
WARNING 2025-06-10 17:16:56,554 log 8436 11368 Not Found: /media/portadas/como_funciona_RNN_-_P\xe1gina_1.png
WARNING 2025-06-10 17:16:56,555 basehttp 8436 15000 "GET /.well-known/appspecific/com.chrome.devtools.json HTTP/1.1" 404 179
WARNING 2025-06-10 17:16:56,556 basehttp 8436 10384 "GET /media/portadas/crime__y_castigo_aPXw1hP.jpg HTTP/1.1" 404 179
WARNING 2025-06-10 17:16:56,557 basehttp 8436 11368 "GET /media/portadas/como_funciona_RNN_-_P%C3%A1gina_1.png HTTP/1.1" 404 179
WARNING 2025-06-10 17:18:09,457 log 8436 14388 Not Found: /media/portadas/nombre_de_la_imagen.png
WARNING 2025-06-10 17:18:09,457 basehttp 8436 14388 "GET /media/portadas/nombre_de_la_imagen.png HTTP/1.1" 404 179
WARNING 2025-06-10 17:18:37,745 log 8436 152 Not Found: /media/portadas/crime__y_castigo_jhKKq5E.jpg
WARNING 2025-06-10 17:18:37,746 basehttp 8436 152 "GET /media/portadas/crime__y_castigo_jhKKq5E.jpg HTTP/1.1" 404 179
INFO 2025-06-10 17:19:39,271 autoreload 8436 9344 C:\Users\rafco\Desktop\portal_libros_seguro\portal_libros_seguro_project\settings.py changed, reloading.
INFO 2025-06-10 17:19:40,106 autoreload 2552 14692 Watching for file changes with StatReloader
INFO 2025-06-10 17:19:56,516 autoreload 15028 4136 Watching for file changes with StatReloader
WARNING 2025-06-10 17:21:33,451 log 15028 7336 Not Found: /media/portadas/crime__y_castigo_jhKKq5E.jpg
WARNING 2025-06-10 17:21:33,452 basehttp 15028 7336 "GET /media/portadas/crime__y_castigo_jhKKq5E.jpg HTTP/1.1" 404 179
INFO 2025-06-10 17:22:07,964 autoreload 15028 4136 C:\Users\rafco\Desktop\portal_libros_seguro\portal_libros_seguro_project\urls.py changed, reloading.
INFO 2025-06-10 17:22:08,882 autoreload 10140 2416 Watching for file changes with StatReloader
INFO 2025-06-10 17:22:12,404 autoreload 10140 2416 C:\Users\rafco\Desktop\portal_libros_seguro\portal_libros_seguro_project\urls.py changed, reloading.
INFO 2025-06-10 17:22:14,440 autoreload 2176 2696 Watching for file changes with StatReloader
INFO 2025-06-10 17:22:16,343 autoreload 2176 2696 C:\Users\rafco\Desktop\portal_libros_seguro\portal_libros_seguro_project\urls.py changed, reloading.
INFO 2025-06-10 17:22:17,374 autoreload 2652 12352 Watching for file changes with StatReloader
INFO 2025-06-10 17:22:37,894 views 2652 4484 Usuario no autenticado o no-admin viendo libros públicos.
INFO 2025-06-10 17:22:37,917 basehttp 2652 4484 "GET / HTTP/1.1" 200 7486
WARNING 2025-06-10 17:22:37,972 log 2652 4484 Not Found: /media/portadas/Fujo_de_trabajo.png
WARNING 2025-06-10 17:22:37,973 log 2652 14668 Not Found: /.well-known/appspecific/com.chrome.devtools.json
WARNING 2025-06-10 17:22:37,973 log 2652 8436 Not Found: /media/portadas/como_funciona_RNN_-_P\xe1gina_1.png
WARNING 2025-06-10 17:22:37,974 log 2652 11368 Not Found: /media/portadas/crime__y_castigo_aPXw1hP.jpg
WARNING 2025-06-10 17:22:37,975 basehttp 2652 14668 "GET /.well-known/appspecific/com.chrome.devtools.json HTTP/1.1" 404 179
WARNING 2025-06-10 17:22:37,976 basehttp 2652 4484 "GET /media/portadas/Fujo_de_trabajo.png HTTP/1.1" 404 179
WARNING 2025-06-10 17:22:37,977 basehttp 2652 8436 "GET /media/portadas/como_funciona_RNN_-_P%C3%A1gina_1.png HTTP/1.1" 404 179
WARNING 2025-06-10 17:22:37,980 basehttp 2652 11368 "GET /media/portadas/crime__y_castigo_aPXw1hP.jpg HTTP/1.1" 404 179
INFO 2025-06-10 17:22:40,547 views 2652 11368 Usuario no autenticado o no-admin viendo libros públicos.
INFO 2025-06-10 17:22:40,552 basehttp 2652 11368 "GET / HTTP/1.1" 200 7486
WARNING 2025-06-10 17:22:40,585 log 2652 11368 Not Found: /media/portadas/Fujo_de_trabajo.png
WARNING 2025-06-10 17:22:40,586 basehttp 2652 11368 "GET /media/portadas/Fujo_de_trabajo.png HTTP/1.1" 404 179
WARNING 2025-06-10 17:22:40,593 log 2652 11368 Not Found: /media/portadas/crime__y_castigo_aPXw1hP.jpg
WARNING 2025-06-10 17:22:40,596 log 2652 8436 Not Found: /media/portadas/como_funciona_RNN_-_P\xe1gina_1.png
WARNING 2025-06-10 17:22:40,598 log 2652 4484 Not Found: /.well-known/appspecific/com.chrome.devtools.json
WARNING 2025-06-10 17:22:40,600 basehttp 2652 11368 "GET /media/portadas/crime__y_castigo_aPXw1hP.jpg HTTP/1.1" 404 179
WARNING 2025-06-10 17:22:40,601 basehttp 2652 4484 "GET /.well-known/appspecific/com.chrome.devtools.json HTTP/1.1" 404 179
WARNING 2025-06-10 17:22:40,602 basehttp 2652 8436 "GET /media/portadas/como_funciona_RNN_-_P%C3%A1gina_1.png HTTP/1.1" 404 179
WARNING 2025-06-10 17:22:53,272 log 2652 12108 Not Found: /libros
WARNING 2025-06-10 17:22:53,274 basehttp 2652 12108 "GET /libros HTTP/1.1" 404 179
INFO 2025-06-10 17:23:00,862 autoreload 15504 15760 Watching for file changes with StatReloader
WARNING 2025-06-10 17:23:07,104 log 15504 892 Not Found: /libros
WARNING 2025-06-10 17:23:07,105 basehttp 15504 892 "GET /libros HTTP/1.1" 404 179
WARNING 2025-06-10 17:23:14,345 log 15504 5604 Not Found: /media/portales
WARNING 2025-06-10 17:23:14,346 basehttp 15504 5604 "GET /media/portales HTTP/1.1" 404 179
INFO 2025-06-10 17:23:18,340 views 15504 6260 Usuario no autenticado o no-admin viendo libros públicos.
INFO 2025-06-10 17:23:18,365 basehttp 15504 6260 "GET / HTTP/1.1" 200 7486
WARNING 2025-06-10 17:23:18,392 log 15504 6260 Not Found: /media/portadas/como_funciona_RNN_-_P\xe1gina_1.png
WARNING 2025-06-10 17:23:18,393 log 15504 14664 Not Found: /media/portadas/Fujo_de_trabajo.png
WARNING 2025-06-10 17:23:18,396 log 15504 15988 Not Found: /media/portadas/crime__y_castigo_aPXw1hP.jpg
WARNING 2025-06-10 17:23:18,397 basehttp 15504 6260 "GET /media/portadas/como_funciona_RNN_-_P%C3%A1gina_1.png HTTP/1.1" 404 179
WARNING 2025-06-10 17:23:18,397 basehttp 15504 14664 "GET /media/portadas/Fujo_de_trabajo.png HTTP/1.1" 404 179
WARNING 2025-06-10 17:23:18,399 basehttp 15504 15988 "GET /media/portadas/crime__y_castigo_aPXw1hP.jpg HTTP/1.1" 404 179
INFO 2025-06-10 17:23:20,881 views 15504 15988 Usuario no autenticado o no-admin viendo libros públicos.
INFO 2025-06-10 17:23:20,889 basehttp 15504 15988 "GET / HTTP/1.1" 200 7486
WARNING 2025-06-10 17:23:20,918 log 15504 15988 Not Found: /media/portadas/Fujo_de_trabajo.png
WARNING 2025-06-10 17:23:20,920 basehttp 15504 15988 "GET /media/portadas/Fujo_de_trabajo.png HTTP/1.1" 404 179
WARNING 2025-06-10 17:23:20,930 log 15504 15988 Not Found: /media/portadas/crime__y_castigo_aPXw1hP.jpg
WARNING 2025-06-10 17:23:20,931 log 15504 14664 Not Found: /media/portadas/como_funciona_RNN_-_P\xe1gina_1.png
WARNING 2025-06-10 17:23:20,933 basehttp 15504 15988 "GET /media/portadas/crime__y_castigo_aPXw1hP.jpg HTTP/1.1" 404 179
WARNING 2025-06-10 17:23:20,933 basehttp 15504 14664 "GET /media/portadas/como_funciona_RNN_-_P%C3%A1gina_1.png HTTP/1.1" 404 179
INFO 2025-06-10 17:23:21,663 views 15504 14664 Usuario no autenticado o no-admin viendo libros públicos.
INFO 2025-06-10 17:23:21,667 basehttp 15504 14664 "GET / HTTP/1.1" 200 7486
WARNING 2025-06-10 17:23:21,693 log 15504 14664 Not Found: /media/portadas/Fujo_de_trabajo.png
WARNING 2025-06-10 17:23:21,694 basehttp 15504 14664 "GET /media/portadas/Fujo_de_trabajo.png HTTP/1.1" 404 179
WARNING 2025-06-10 17:23:21,700 log 15504 15988 Not Found: /media/portadas/crime__y_castigo_aPXw1hP.jpg
WARNING 2025-06-10 17:23:21,701 log 15504 6260 Not Found: /media/portadas/como_funciona_RNN_-_P\xe1gina_1.png
WARNING 2025-06-10 17:23:21,704 basehttp 15504 15988 "GET /media/portadas/crime__y_castigo_aPXw1hP.jpg HTTP/1.1" 404 179
WARNING 2025-06-10 17:23:21,706 basehttp 15504 6260 "GET /media/portadas/como_funciona_RNN_-_P%C3%A1gina_1.png HTTP/1.1" 404 179
INFO 2025-06-10 17:23:25,630 basehttp 15504 6260 "GET /libro/crear/ HTTP/1.1" 200 7217
INFO 2025-06-10 17:23:44,243 views 15504 4288 Usuario 'rafa' creó el libro 'error'.
INFO 2025-06-10 17:23:44,244 basehttp 15504 4288 "POST /libro/crear/ HTTP/1.1" 302 0
INFO 2025-06-10 17:23:44,254 views 15504 4288 Usuario no autenticado o no-admin viendo libros públicos.
INFO 2025-06-10 17:23:44,259 basehttp 15504 4288 "GET / HTTP/1.1" 200 8316
WARNING 2025-06-10 17:23:44,289 log 15504 4288 Not Found: /media/portadas/Fujo_de_trabajo.png
WARNING 2025-06-10 17:23:44,290 basehttp 15504 4288 "GET /media/portadas/Fujo_de_trabajo.png HTTP/1.1" 404 179
WARNING 2025-06-10 17:23:44,295 log 15504 4288 Not Found: /media/portadas/como_funciona_RNN_-_P\xe1gina_1_DNwx33b.png
WARNING 2025-06-10 17:23:44,297 log 15504 3588 Not Found: /media/portadas/crime__y_castigo_aPXw1hP.jpg
WARNING 2025-06-10 17:23:44,300 log 15504 10852 Not Found: /media/portadas/como_funciona_RNN_-_P\xe1gina_1.png
WARNING 2025-06-10 17:23:44,301 basehttp 15504 3588 "GET /media/portadas/crime__y_castigo_aPXw1hP.jpg HTTP/1.1" 404 179
WARNING 2025-06-10 17:23:44,301 basehttp 15504 4288 "GET /media/portadas/como_funciona_RNN_-_P%C3%A1gina_1_DNwx33b.png HTTP/1.1" 404 179
WARNING 2025-06-10 17:23:44,302 basehttp 15504 10852 "GET /media/portadas/como_funciona_RNN_-_P%C3%A1gina_1.png HTTP/1.1" 404 179
WARNING 2025-06-10 17:24:01,209 log 15504 16136 Not Found: /.well-known/appspecific/com.chrome.devtools.json
WARNING 2025-06-10 17:24:01,210 basehttp 15504 16136 "GET /.well-known/appspecific/com.chrome.devtools.json HTTP/1.1" 404 179
INFO 2025-06-10 17:25:15,414 autoreload 13440 17152 Watching for file changes with StatReloader
INFO 2025-06-10 17:25:23,904 views 13440 17096 Usuario no autenticado o no-admin viendo libros públicos.
INFO 2025-06-10 17:25:23,927 basehttp 13440 17096 "GET / HTTP/1.1" 200 8316
WARNING 2025-06-10 17:25:23,959 log 13440 17096 Not Found: /media/portadas/Fujo_de_trabajo.png
WARNING 2025-06-10 17:25:23,960 basehttp 13440 17096 "GET /media/portadas/Fujo_de_trabajo.png HTTP/1.1" 404 179
WARNING 2025-06-10 17:25:23,976 log 13440 17096 Not Found: /.well-known/appspecific/com.chrome.devtools.json
WARNING 2025-06-10 17:25:23,981 log 13440 11768 Not Found: /media/portadas/como_funciona_RNN_-_P\xe1gina_1_DNwx33b.png
WARNING 2025-06-10 17:25:23,983 basehttp 13440 17096 "GET /.well-known/appspecific/com.chrome.devtools.json HTTP/1.1" 404 179
WARNING 2025-06-10 17:25:23,985 basehttp 13440 11768 "GET /media/portadas/como_funciona_RNN_-_P%C3%A1gina_1_DNwx33b.png HTTP/1.1" 404 179
WARNING 2025-06-10 17:25:23,988 log 13440 16692 Not Found: /media/portadas/crime__y_castigo_aPXw1hP.jpg
WARNING 2025-06-10 17:25:23,993 log 13440 3704 Not Found: /media/portadas/como_funciona_RNN_-_P\xe1gina_1.png
WARNING 2025-06-10 17:25:23,994 basehttp 13440 16692 "GET /media/portadas/crime__y_castigo_aPXw1hP.jpg HTTP/1.1" 404 179
WARNING 2025-06-10 17:25:23,995 basehttp 13440 3704 "GET /media/portadas/como_funciona_RNN_-_P%C3%A1gina_1.png HTTP/1.1" 404 179
INFO 2025-06-10 17:25:25,059 views 13440 3704 Usuario no autenticado o no-admin viendo libros públicos.
INFO 2025-06-10 17:25:25,065 basehttp 13440 3704 "GET / HTTP/1.1" 200 8316
WARNING 2025-06-10 17:25:25,088 log 13440 3704 Not Found: /media/portadas/Fujo_de_trabajo.png
WARNING 2025-06-10 17:25:25,089 basehttp 13440 3704 "GET /media/portadas/Fujo_de_trabajo.png HTTP/1.1" 404 179
WARNING 2025-06-10 17:25:25,110 log 13440 3704 Not Found: /media/portadas/crime__y_castigo_aPXw1hP.jpg
WARNING 2025-06-10 17:25:25,113 log 13440 16692 Not Found: /media/portadas/como_funciona_RNN_-_P\xe1gina_1.png
WARNING 2025-06-10 17:25:25,115 log 13440 17096 Not Found: /.well-known/appspecific/com.chrome.devtools.json
WARNING 2025-06-10 17:25:25,117 log 13440 11768 Not Found: /media/portadas/como_funciona_RNN_-_P\xe1gina_1_DNwx33b.png
WARNING 2025-06-10 17:25:25,120 basehttp 13440 3704 "GET /media/portadas/crime__y_castigo_aPXw1hP.jpg HTTP/1.1" 404 179
WARNING 2025-06-10 17:25:25,121 basehttp 13440 17096 "GET /.well-known/appspecific/com.chrome.devtools.json HTTP/1.1" 404 179
WARNING 2025-06-10 17:25:25,121 basehttp 13440 16692 "GET /media/portadas/como_funciona_RNN_-_P%C3%A1gina_1.png HTTP/1.1" 404 179
WARNING 2025-06-10 17:25:25,121 basehttp 13440 11768 "GET /media/portadas/como_funciona_RNN_-_P%C3%A1gina_1_DNwx33b.png HTTP/1.1" 404 179
INFO 2025-06-10 17:25:56,221 autoreload 13440 17152 C:\Users\rafco\Desktop\portal_libros_seguro\portal_libros_seguro_project\settings.py changed, reloading.
INFO 2025-06-10 17:25:57,573 autoreload 1980 14656 Watching for file changes with StatReloader
INFO 2025-06-10 17:25:58,357 views 1980 14260 Usuario no autenticado o no-admin viendo libros públicos.
INFO 2025-06-10 17:25:58,385 basehttp 1980 14260 "GET / HTTP/1.1" 200 8316
WARNING 2025-06-10 17:25:58,420 log 1980 14260 Not Found: /.well-known/appspecific/com.chrome.devtools.json
WARNING 2025-06-10 17:25:58,420 log 1980 16968 Not Found: /media/portadas/Fujo_de_trabajo.png
WARNING 2025-06-10 17:25:58,421 basehttp 1980 16968 "GET /media/portadas/Fujo_de_trabajo.png HTTP/1.1" 404 179
WARNING 2025-06-10 17:25:58,423 basehttp 1980 14260 "GET /.well-known/appspecific/com.chrome.devtools.json HTTP/1.1" 404 179
WARNING 2025-06-10 17:25:58,438 log 1980 14260 Not Found: /media/portadas/crime__y_castigo_aPXw1hP.jpg
WARNING 2025-06-10 17:25:58,441 log 1980 16968 Not Found: /media/portadas/como_funciona_RNN_-_P\xe1gina_1.png
WARNING 2025-06-10 17:25:58,443 log 1980 8596 Not Found: /media/portadas/como_funciona_RNN_-_P\xe1gina_1_DNwx33b.png
WARNING 2025-06-10 17:25:58,444 basehttp 1980 14260 "GET /media/portadas/crime__y_castigo_aPXw1hP.jpg HTTP/1.1" 404 179
WARNING 2025-06-10 17:25:58,445 basehttp 1980 16968 "GET /media/portadas/como_funciona_RNN_-_P%C3%A1gina_1.png HTTP/1.1" 404 179
WARNING 2025-06-10 17:25:58,446 basehttp 1980 8596 "GET /media/portadas/como_funciona_RNN_-_P%C3%A1gina_1_DNwx33b.png HTTP/1.1" 404 179
INFO 2025-06-10 17:25:59,858 views 1980 8596 Usuario no autenticado o no-admin viendo libros públicos.
INFO 2025-06-10 17:25:59,862 basehttp 1980 8596 "GET / HTTP/1.1" 200 8316
WARNING 2025-06-10 17:25:59,895 log 1980 8596 Not Found: /media/portadas/Fujo_de_trabajo.png
WARNING 2025-06-10 17:25:59,896 basehttp 1980 8596 "GET /media/portadas/Fujo_de_trabajo.png HTTP/1.1" 404 179
WARNING 2025-06-10 17:25:59,905 log 1980 8596 Not Found: /media/portadas/crime__y_castigo_aPXw1hP.jpg
WARNING 2025-06-10 17:25:59,908 log 1980 16968 Not Found: /media/portadas/como_funciona_RNN_-_P\xe1gina_1.png
WARNING 2025-06-10 17:25:59,910 log 1980 14260 Not Found: /media/portadas/como_funciona_RNN_-_P\xe1gina_1_DNwx33b.png
WARNING 2025-06-10 17:25:59,913 log 1980 15260 Not Found: /.well-known/appspecific/com.chrome.devtools.json
WARNING 2025-06-10 17:25:59,914 basehttp 1980 8596 "GET /media/portadas/crime__y_castigo_aPXw1hP.jpg HTTP/1.1" 404 179
WARNING 2025-06-10 17:25:59,915 basehttp 1980 16968 "GET /media/portadas/como_funciona_RNN_-_P%C3%A1gina_1.png HTTP/1.1" 404 179
WARNING 2025-06-10 17:25:59,915 basehttp 1980 14260 "GET /media/portadas/como_funciona_RNN_-_P%C3%A1gina_1_DNwx33b.png HTTP/1.1" 404 179
WARNING 2025-06-10 17:25:59,916 basehttp 1980 15260 "GET /.well-known/appspecific/com.chrome.devtools.json HTTP/1.1" 404 179
INFO 2025-06-10 17:26:00,598 views 1980 15260 Usuario no autenticado o no-admin viendo libros públicos.
INFO 2025-06-10 17:26:00,602 basehttp 1980 15260 "GET / HTTP/1.1" 200 8316
WARNING 2025-06-10 17:26:00,627 log 1980 15260 Not Found: /.well-known/appspecific/com.chrome.devtools.json
WARNING 2025-06-10 17:26:00,631 log 1980 14260 Not Found: /media/portadas/Fujo_de_trabajo.png
WARNING 2025-06-10 17:26:00,632 basehttp 1980 15260 "GET /.well-known/appspecific/com.chrome.devtools.json HTTP/1.1" 404 179
WARNING 2025-06-10 17:26:00,633 basehttp 1980 14260 "GET /media/portadas/Fujo_de_trabajo.png HTTP/1.1" 404 179
WARNING 2025-06-10 17:26:00,649 log 1980 16968 Not Found: /media/portadas/crime__y_castigo_aPXw1hP.jpg
WARNING 2025-06-10 17:26:00,651 basehttp 1980 16968 "GET /media/portadas/crime__y_castigo_aPXw1hP.jpg HTTP/1.1" 404 179
WARNING 2025-06-10 17:26:00,659 log 1980 14260 Not Found: /media/portadas/como_funciona_RNN_-_P\xe1gina_1.png
WARNING 2025-06-10 17:26:00,661 log 1980 15260 Not Found: /media/portadas/como_funciona_RNN_-_P\xe1gina_1_DNwx33b.png
WARNING 2025-06-10 17:26:00,664 basehttp 1980 14260 "GET /media/portadas/como_funciona_RNN_-_P%C3%A1gina_1.png HTTP/1.1" 404 179
WARNING 2025-06-10 17:26:00,665 basehttp 1980 15260 "GET /media/portadas/como_funciona_RNN_-_P%C3%A1gina_1_DNwx33b.png HTTP/1.1" 404 179
INFO 2025-06-10 17:26:00,959 views 1980 15260 Usuario no autenticado o no-admin viendo libros públicos.
INFO 2025-06-10 17:26:00,965 basehttp 1980 15260 "GET / HTTP/1.1" 200 8316
WARNING 2025-06-10 17:26:00,998 log 1980 15260 Not Found: /media/portadas/Fujo_de_trabajo.png
WARNING 2025-06-10 17:26:00,999 basehttp 1980 15260 "GET /media/portadas/Fujo_de_trabajo.png HTTP/1.1" 404 179
WARNING 2025-06-10 17:26:01,007 log 1980 15260 Not Found: /.well-known/appspecific/com.chrome.devtools.json
WARNING 2025-06-10 17:26:01,010 log 1980 14260 Not Found: /media/portadas/crime__y_castigo_aPXw1hP.jpg
WARNING 2025-06-10 17:26:01,011 basehttp 1980 15260 "GET /.well-known/appspecific/com.chrome.devtools.json HTTP/1.1" 404 179
WARNING 2025-06-10 17:26:01,011 basehttp 1980 14260 "GET /media/portadas/crime__y_castigo_aPXw1hP.jpg HTTP/1.1" 404 179
WARNING 2025-06-10 17:26:01,014 log 1980 16968 Not Found: /media/portadas/como_funciona_RNN_-_P\xe1gina_1.png
WARNING 2025-06-10 17:26:01,017 log 1980 8596 Not Found: /media/portadas/como_funciona_RNN_-_P\xe1gina_1_DNwx33b.png
WARNING 2025-06-10 17:26:01,019 basehttp 1980 16968 "GET /media/portadas/como_funciona_RNN_-_P%C3%A1gina_1.png HTTP/1.1" 404 179
WARNING 2025-06-10 17:26:01,020 basehttp 1980 8596 "GET /media/portadas/como_funciona_RNN_-_P%C3%A1gina_1_DNwx33b.png HTTP/1.1" 404 179
INFO 2025-06-10 17:26:01,324 views 1980 8596 Usuario no autenticado o no-admin viendo libros públicos.
INFO 2025-06-10 17:26:01,328 basehttp 1980 8596 "GET / HTTP/1.1" 200 8316
WARNING 2025-06-10 17:26:01,365 log 1980 8596 Not Found: /media/portadas/Fujo_de_trabajo.png
WARNING 2025-06-10 17:26:01,366 basehttp 1980 8596 "GET /media/portadas/Fujo_de_trabajo.png HTTP/1.1" 404 179
WARNING 2025-06-10 17:26:01,379 log 1980 8596 Not Found: /.well-known/appspecific/com.chrome.devtools.json
WARNING 2025-06-10 17:26:01,380 log 1980 16968 Not Found: /media/portadas/crime__y_castigo_aPXw1hP.jpg
WARNING 2025-06-10 17:26:01,382 log 1980 15260 Not Found: /media/portadas/como_funciona_RNN_-_P\xe1gina_1_DNwx33b.png
WARNING 2025-06-10 17:26:01,385 log 1980 14260 Not Found: /media/portadas/como_funciona_RNN_-_P\xe1gina_1.png
WARNING 2025-06-10 17:26:01,387 basehttp 1980 8596 "GET /.well-known/appspecific/com.chrome.devtools.json HTTP/1.1" 404 179
WARNING 2025-06-10 17:26:01,387 basehttp 1980 16968 "GET /media/portadas/crime__y_castigo_aPXw1hP.jpg HTTP/1.1" 404 179
WARNING 2025-06-10 17:26:01,387 basehttp 1980 15260 "GET /media/portadas/como_funciona_RNN_-_P%C3%A1gina_1_DNwx33b.png HTTP/1.1" 404 179
WARNING 2025-06-10 17:26:01,388 basehttp 1980 14260 "GET /media/portadas/como_funciona_RNN_-_P%C3%A1gina_1.png HTTP/1.1" 404 179
INFO 2025-06-10 17:26:03,119 autoreload 1980 14656 C:\Users\rafco\Desktop\portal_libros_seguro\portal_libros_seguro_project\settings.py changed, reloading.
INFO 2025-06-10 17:26:04,024 autoreload 5172 14344 Watching for file changes with StatReloader
INFO 2025-06-10 17:27:19,886 autoreload 12216 3068 Watching for file changes with StatReloader
INFO 2025-06-10 17:27:25,744 views 12216 2508 Usuario no autenticado o no-admin viendo libros públicos.
INFO 2025-06-10 17:27:25,784 basehttp 12216 2508 "GET / HTTP/1.1" 200 8316
WARNING 2025-06-10 17:27:25,820 log 12216 2508 Not Found: /media/portadas/Fujo_de_trabajo.png
WARNING 2025-06-10 17:27:25,821 basehttp 12216 2508 "GET /media/portadas/Fujo_de_trabajo.png HTTP/1.1" 404 179
WARNING 2025-06-10 17:27:25,847 log 12216 13872 Not Found: /.well-known/appspecific/com.chrome.devtools.json
WARNING 2025-06-10 17:27:25,848 basehttp 12216 13872 "GET /.well-known/appspecific/com.chrome.devtools.json HTTP/1.1" 404 179
WARNING 2025-06-10 17:27:25,852 log 12216 2508 Not Found: /media/portadas/crime__y_castigo_aPXw1hP.jpg
WARNING 2025-06-10 17:27:25,857 log 12216 9036 Not Found: /media/portadas/como_funciona_RNN_-_P\xe1gina_1.png
WARNING 2025-06-10 17:27:25,862 log 12216 5908 Not Found: /media/portadas/como_funciona_RNN_-_P\xe1gina_1_DNwx33b.png
WARNING 2025-06-10 17:27:25,865 basehttp 12216 2508 "GET /media/portadas/crime__y_castigo_aPXw1hP.jpg HTTP/1.1" 404 179
WARNING 2025-06-10 17:27:25,865 basehttp 12216 9036 "GET /media/portadas/como_funciona_RNN_-_P%C3%A1gina_1.png HTTP/1.1" 404 179
WARNING 2025-06-10 17:27:25,866 basehttp 12216 5908 "GET /media/portadas/como_funciona_RNN_-_P%C3%A1gina_1_DNwx33b.png HTTP/1.1" 404 179
INFO 2025-06-10 17:27:30,774 views 12216 5908 Mostrando detalle del libro 'wa'.
INFO 2025-06-10 17:27:30,847 basehttp 12216 5908 "GET /libro/2/ HTTP/1.1" 200 5426
WARNING 2025-06-10 17:27:30,891 log 12216 5908 Not Found: /.well-known/appspecific/com.chrome.devtools.json
WARNING 2025-06-10 17:27:30,893 log 12216 2508 Not Found: /media/portadas/Fujo_de_trabajo.png
WARNING 2025-06-10 17:27:30,895 basehttp 12216 2508 "GET /media/portadas/Fujo_de_trabajo.png HTTP/1.1" 404 179
WARNING 2025-06-10 17:27:30,895 basehttp 12216 5908 "GET /.well-known/appspecific/com.chrome.devtools.json HTTP/1.1" 404 179
INFO 2025-06-10 17:27:33,974 views 12216 5908 Usuario no autenticado o no-admin viendo libros públicos.
INFO 2025-06-10 17:27:33,979 basehttp 12216 5908 "GET / HTTP/1.1" 200 8316
WARNING 2025-06-10 17:27:34,028 log 12216 5908 Not Found: /.well-known/appspecific/com.chrome.devtools.json
WARNING 2025-06-10 17:27:34,031 basehttp 12216 5908 "GET /.well-known/appspecific/com.chrome.devtools.json HTTP/1.1" 404 179
WARNING 2025-06-10 17:27:34,036 log 12216 2508 Not Found: /media/portadas/Fujo_de_trabajo.png
WARNING 2025-06-10 17:27:34,040 log 12216 9036 Not Found: /media/portadas/crime__y_castigo_aPXw1hP.jpg
WARNING 2025-06-10 17:27:34,041 log 12216 13872 Not Found: /media/portadas/como_funciona_RNN_-_P\xe1gina_1.png
WARNING 2025-06-10 17:27:34,043 log 12216 5908 Not Found: /media/portadas/como_funciona_RNN_-_P\xe1gina_1_DNwx33b.png
WARNING 2025-06-10 17:27:34,045 basehttp 12216 2508 "GET /media/portadas/Fujo_de_trabajo.png HTTP/1.1" 404 179
WARNING 2025-06-10 17:27:34,046 basehttp 12216 9036 "GET /media/portadas/crime__y_castigo_aPXw1hP.jpg HTTP/1.1" 404 179
WARNING 2025-06-10 17:27:34,047 basehttp 12216 13872 "GET /media/portadas/como_funciona_RNN_-_P%C3%A1gina_1.png HTTP/1.1" 404 179
WARNING 2025-06-10 17:27:34,049 basehttp 12216 5908 "GET /media/portadas/como_funciona_RNN_-_P%C3%A1gina_1_DNwx33b.png HTTP/1.1" 404 179
INFO 2025-06-10 17:27:38,140 basehttp 12216 5908 "GET /libro/crear/ HTTP/1.1" 200 7217
WARNING 2025-06-10 17:27:38,180 log 12216 5908 Not Found: /.well-known/appspecific/com.chrome.devtools.json
WARNING 2025-06-10 17:27:38,182 basehttp 12216 5908 "GET /.well-known/appspecific/com.chrome.devtools.json HTTP/1.1" 404 179
INFO 2025-06-10 17:27:54,281 views 12216 5908 Usuario 'rafa' creó el libro 'aaa'.
INFO 2025-06-10 17:27:54,282 basehttp 12216 5908 "POST /libro/crear/ HTTP/1.1" 302 0
INFO 2025-06-10 17:27:54,290 views 12216 5908 Usuario no autenticado o no-admin viendo libros públicos.
INFO 2025-06-10 17:27:54,296 basehttp 12216 5908 "GET / HTTP/1.1" 200 9117
WARNING 2025-06-10 17:27:54,331 log 12216 5908 Not Found: /.well-known/appspecific/com.chrome.devtools.json
WARNING 2025-06-10 17:27:54,333 log 12216 13872 Not Found: /media/portadas/Fujo_de_trabajo.png
WARNING 2025-06-10 17:27:54,334 basehttp 12216 5908 "GET /.well-known/appspecific/com.chrome.devtools.json HTTP/1.1" 404 179
WARNING 2025-06-10 17:27:54,337 basehttp 12216 13872 "GET /media/portadas/Fujo_de_trabajo.png HTTP/1.1" 404 179
WARNING 2025-06-10 17:27:54,347 log 12216 13872 Not Found: /media/portadas/crime__y_castigo_aPXw1hP.jpg
WARNING 2025-06-10 17:27:54,350 log 12216 5908 Not Found: /media/portadas/como_funciona_RNN_-_P\xe1gina_1.png
WARNING 2025-06-10 17:27:54,352 log 12216 2508 Not Found: /media/portadas/como_funciona_RNN_-_P\xe1gina_1_DNwx33b.png
WARNING 2025-06-10 17:27:54,354 basehttp 12216 13872 "GET /media/portadas/crime__y_castigo_aPXw1hP.jpg HTTP/1.1" 404 179
WARNING 2025-06-10 17:27:54,354 basehttp 12216 5908 "GET /media/portadas/como_funciona_RNN_-_P%C3%A1gina_1.png HTTP/1.1" 404 179
WARNING 2025-06-10 17:27:54,354 basehttp 12216 2508 "GET /media/portadas/como_funciona_RNN_-_P%C3%A1gina_1_DNwx33b.png HTTP/1.1" 404 179
WARNING 2025-06-10 17:29:09,140 log 12216 7484 Not Found: /media/portadas/crime__y_castigo_jhKKq5E.jpg
WARNING 2025-06-10 17:29:09,141 basehttp 12216 7484 "GET /media/portadas/crime__y_castigo_jhKKq5E.jpg HTTP/1.1" 404 179
WARNING 2025-06-10 17:29:39,277 log 12216 13864 Not Found: /media/portadas/crime__y_castigo_jhKKq5E.jpg
WARNING 2025-06-10 17:29:39,278 basehttp 12216 13864 "GET /media/portadas/crime__y_castigo_jhKKq5E.jpg HTTP/1.1" 404 179
WARNING 2025-06-10 17:29:39,364 log 12216 13864 Not Found: /favicon.ico
WARNING 2025-06-10 17:29:39,366 basehttp 12216 13864 "GET /favicon.ico HTTP/1.1" 404 179
WARNING 2025-06-10 17:29:52,353 log 12216 13864 Not Found: /media/portadas/crime__y_castigo_jhKKq5E.jpg
WARNING 2025-06-10 17:29:52,354 basehttp 12216 13864 "GET /media/portadas/crime__y_castigo_jhKKq5E.jpg HTTP/1.1" 404 179
INFO 2025-06-10 17:31:31,732 autoreload 12216 3068 C:\Users\rafco\Desktop\portal_libros_seguro\portal_libros_seguro_project\settings.py changed, reloading.
INFO 2025-06-10 17:32:56,145 autoreload 14936 7684 Watching for file changes with StatReloader
INFO 2025-06-10 17:33:07,540 views 14936 11776 Usuario no autenticado o no-admin viendo libros públicos.
INFO 2025-06-10 17:33:07,586 basehttp 14936 11776 - Broken pipe from ('127.0.0.1', 56675)
INFO 2025-06-10 17:33:30,207 autoreload 14936 7684 C:\Users\rafco\Desktop\portal_libros_seguro\portal_libros_seguro_project\settings.py changed, reloading.
INFO 2025-06-10 17:34:01,784 autoreload 13988 14304 Watching for file changes with StatReloader
INFO 2025-06-10 17:34:06,294 autoreload 13988 14304 C:\Users\rafco\Desktop\portal_libros_seguro\portal_libros_seguro_project\settings.py changed, reloading.
INFO 2025-06-10 17:34:07,310 autoreload 14812 16980 Watching for file changes with StatReloader
INFO 2025-06-10 17:34:52,445 autoreload 14812 16980 C:\Users\rafco\Desktop\portal_libros_seguro\portal_libros_seguro_project\settings.py changed, reloading.
INFO 2025-06-10 17:34:53,395 autoreload 6776 8572 Watching for file changes with StatReloader
INFO 2025-06-10 17:34:56,637 autoreload 6004 11804 Watching for file changes with StatReloader
INFO 2025-06-10 17:35:16,386 views 6004 8984 Usuario no autenticado o no-admin viendo libros públicos.
INFO 2025-06-10 17:35:16,433 basehttp 6004 8984 "GET / HTTP/1.1" 200 9117
WARNING 2025-06-10 17:35:16,458 log 6004 8984 Not Found: /media/portadas/Fujo_de_trabajo.png
WARNING 2025-06-10 17:35:16,459 basehttp 6004 8984 "GET /media/portadas/Fujo_de_trabajo.png HTTP/1.1" 404 179
WARNING 2025-06-10 17:35:16,473 log 6004 8984 Not Found: /media/portadas/crime__y_castigo_aPXw1hP.jpg
WARNING 2025-06-10 17:35:16,474 basehttp 6004 8984 "GET /media/portadas/crime__y_castigo_aPXw1hP.jpg HTTP/1.1" 404 179
WARNING 2025-06-10 17:35:16,481 log 6004 8984 Not Found: /media/portadas/como_funciona_RNN_-_P\xe1gina_1.png
WARNING 2025-06-10 17:35:16,484 log 6004 16708 Not Found: /media/portadas/como_funciona_RNN_-_P\xe1gina_1_DNwx33b.png
WARNING 2025-06-10 17:35:16,486 basehttp 6004 8984 "GET /media/portadas/como_funciona_RNN_-_P%C3%A1gina_1.png HTTP/1.1" 404 179
WARNING 2025-06-10 17:35:16,488 basehttp 6004 16708 "GET /media/portadas/como_funciona_RNN_-_P%C3%A1gina_1_DNwx33b.png HTTP/1.1" 404 179
INFO 2025-06-10 17:37:04,562 autoreload 6004 11804 C:\Users\rafco\Desktop\portal_libros_seguro\portal_libros_seguro_project\settings.py changed, reloading.
INFO 2025-06-10 17:39:13,963 autoreload 10148 1864 Watching for file changes with StatReloader
ERROR 2025-06-10 17:39:17,097 log 10148 7652 Invalid HTTP_HOST header: '127.0.0.1:8000'. You may need to add '127.0.0.1' to ALLOWED_HOSTS.
Traceback (most recent call last):
  File "C:\Users\rafco\Desktop\portal_libros_seguro\venv\Lib\site-packages\django\core\handlers\exception.py", line 55, in inner
    response = get_response(request)
  File "C:\Users\rafco\Desktop\portal_libros_seguro\venv\Lib\site-packages\django\utils\deprecation.py", line 119, in __call__
    response = self.process_request(request)
  File "C:\Users\rafco\Desktop\portal_libros_seguro\venv\Lib\site-packages\django\middleware\common.py", line 48, in process_request
    host = request.get_host()
  File "C:\Users\rafco\Desktop\portal_libros_seguro\venv\Lib\site-packages\django\http\request.py", line 191, in get_host
    raise DisallowedHost(msg)
django.core.exceptions.DisallowedHost: Invalid HTTP_HOST header: '127.0.0.1:8000'. You may need to add '127.0.0.1' to ALLOWED_HOSTS.
WARNING 2025-06-10 17:39:17,102 basehttp 10148 7652 "GET / HTTP/1.1" 400 74648
ERROR 2025-06-10 17:39:17,184 log 10148 16916 Invalid HTTP_HOST header: '127.0.0.1:8000'. You may need to add '127.0.0.1' to ALLOWED_HOSTS.
Traceback (most recent call last):
  File "C:\Users\rafco\Desktop\portal_libros_seguro\venv\Lib\site-packages\django\core\handlers\exception.py", line 55, in inner
    response = get_response(request)
  File "C:\Users\rafco\Desktop\portal_libros_seguro\venv\Lib\site-packages\django\utils\deprecation.py", line 119, in __call__
    response = self.process_request(request)
  File "C:\Users\rafco\Desktop\portal_libros_seguro\venv\Lib\site-packages\django\middleware\common.py", line 48, in process_request
    host = request.get_host()
  File "C:\Users\rafco\Desktop\portal_libros_seguro\venv\Lib\site-packages\django\http\request.py", line 191, in get_host
    raise DisallowedHost(msg)
django.core.exceptions.DisallowedHost: Invalid HTTP_HOST header: '127.0.0.1:8000'. You may need to add '127.0.0.1' to ALLOWED_HOSTS.
WARNING 2025-06-10 17:39:17,188 basehttp 10148 16916 "GET /.well-known/appspecific/com.chrome.devtools.json HTTP/1.1" 400 73715
ERROR 2025-06-10 17:39:24,999 log 10148 15656 Invalid HTTP_HOST header: '127.0.0.1:8000'. You may need to add '127.0.0.1' to ALLOWED_HOSTS.
Traceback (most recent call last):
  File "C:\Users\rafco\Desktop\portal_libros_seguro\venv\Lib\site-packages\django\core\handlers\exception.py", line 55, in inner
    response = get_response(request)
  File "C:\Users\rafco\Desktop\portal_libros_seguro\venv\Lib\site-packages\django\utils\deprecation.py", line 119, in __call__
    response = self.process_request(request)
  File "C:\Users\rafco\Desktop\portal_libros_seguro\venv\Lib\site-packages\django\middleware\common.py", line 48, in process_request
    host = request.get_host()
  File "C:\Users\rafco\Desktop\portal_libros_seguro\venv\Lib\site-packages\django\http\request.py", line 191, in get_host
    raise DisallowedHost(msg)
django.core.exceptions.DisallowedHost: Invalid HTTP_HOST header: '127.0.0.1:8000'. You may need to add '127.0.0.1' to ALLOWED_HOSTS.
WARNING 2025-06-10 17:39:25,002 basehttp 10148 15656 "GET / HTTP/1.1" 400 74648
ERROR 2025-06-10 17:39:25,083 log 10148 10196 Invalid HTTP_HOST header: '127.0.0.1:8000'. You may need to add '127.0.0.1' to ALLOWED_HOSTS.
Traceback (most recent call last):
  File "C:\Users\rafco\Desktop\portal_libros_seguro\venv\Lib\site-packages\django\core\handlers\exception.py", line 55, in inner
    response = get_response(request)
  File "C:\Users\rafco\Desktop\portal_libros_seguro\venv\Lib\site-packages\django\utils\deprecation.py", line 119, in __call__
    response = self.process_request(request)
  File "C:\Users\rafco\Desktop\portal_libros_seguro\venv\Lib\site-packages\django\middleware\common.py", line 48, in process_request
    host = request.get_host()
  File "C:\Users\rafco\Desktop\portal_libros_seguro\venv\Lib\site-packages\django\http\request.py", line 191, in get_host
    raise DisallowedHost(msg)
django.core.exceptions.DisallowedHost: Invalid HTTP_HOST header: '127.0.0.1:8000'. You may need to add '127.0.0.1' to ALLOWED_HOSTS.
WARNING 2025-06-10 17:39:25,085 basehttp 10148 10196 "GET /.well-known/appspecific/com.chrome.devtools.json HTTP/1.1" 400 73715
INFO 2025-06-10 17:39:37,064 autoreload 10148 1864 C:\Users\rafco\Desktop\portal_libros_seguro\portal_libros_seguro_project\settings.py changed, reloading.
INFO 2025-06-10 17:39:51,841 autoreload 15352 13484 Watching for file changes with StatReloader
INFO 2025-06-10 17:39:58,479 views 15352 8464 Usuario no autenticado o no-admin viendo libros públicos.
INFO 2025-06-10 17:39:58,502 basehttp 15352 8464 "GET / HTTP/1.1" 200 9117
WARNING 2025-06-10 17:39:58,603 log 15352 8880 Not Found: /media/portadas/como_funciona_RNN_-_P\xe1gina_1.png
WARNING 2025-06-10 17:39:58,604 log 15352 7080 Not Found: /media/portadas/crime__y_castigo_aPXw1hP.jpg
WARNING 2025-06-10 17:39:58,604 log 15352 15208 Not Found: /media/portadas/como_funciona_RNN_-_P\xe1gina_1_DNwx33b.png
WARNING 2025-06-10 17:39:58,605 basehttp 15352 8880 "GET /media/portadas/como_funciona_RNN_-_P%C3%A1gina_1.png HTTP/1.1" 404 4225
WARNING 2025-06-10 17:39:58,605 basehttp 15352 7080 "GET /media/portadas/crime__y_castigo_aPXw1hP.jpg HTTP/1.1" 404 4201
WARNING 2025-06-10 17:39:58,606 basehttp 15352 15208 "GET /media/portadas/como_funciona_RNN_-_P%C3%A1gina_1_DNwx33b.png HTTP/1.1" 404 4257
INFO 2025-06-10 17:39:58,650 basehttp 15352 8464 "GET /media/portadas/Fujo_de_trabajo.png HTTP/1.1" 200 130769
INFO 2025-06-10 17:40:09,658 views 15352 8464 Mostrando detalle del libro 'error'.
INFO 2025-06-10 17:40:09,680 basehttp 15352 8464 "GET /libro/7/ HTTP/1.1" 200 4904
WARNING 2025-06-10 17:40:09,729 log 15352 8464 Not Found: /media/portadas/como_funciona_RNN_-_P\xe1gina_1_DNwx33b.png
WARNING 2025-06-10 17:40:09,729 basehttp 15352 8464 "GET /media/portadas/como_funciona_RNN_-_P%C3%A1gina_1_DNwx33b.png HTTP/1.1" 404 4257
INFO 2025-06-10 17:40:10,985 basehttp 15352 8464 "GET /libro/7/editar/ HTTP/1.1" 200 7505
INFO 2025-06-10 17:40:16,485 views 15352 8464 Usuario 'rafa' actualizó el libro 'error'.
INFO 2025-06-10 17:40:16,486 basehttp 15352 8464 "POST /libro/7/editar/ HTTP/1.1" 302 0
INFO 2025-06-10 17:40:16,497 views 15352 8464 Usuario no autenticado o no-admin viendo libros públicos.
INFO 2025-06-10 17:40:16,506 basehttp 15352 8464 "GET / HTTP/1.1" 200 9113
WARNING 2025-06-10 17:40:16,561 log 15352 8464 Not Found: /media/portadas/crime__y_castigo_aPXw1hP.jpg
WARNING 2025-06-10 17:40:16,567 log 15352 15208 Not Found: /media/portadas/como_funciona_RNN_-_P\xe1gina_1.png
WARNING 2025-06-10 17:40:16,568 basehttp 15352 8464 "GET /media/portadas/crime__y_castigo_aPXw1hP.jpg HTTP/1.1" 404 4201
WARNING 2025-06-10 17:40:16,569 basehttp 15352 15208 "GET /media/portadas/como_funciona_RNN_-_P%C3%A1gina_1.png HTTP/1.1" 404 4225
INFO 2025-06-10 17:40:19,395 views 15352 15208 Mostrando detalle del libro 'error'.
INFO 2025-06-10 17:40:19,405 basehttp 15352 15208 "GET /libro/7/ HTTP/1.1" 200 4900
INFO 2025-06-10 17:40:20,626 basehttp 15352 15208 "GET /libro/7/editar/ HTTP/1.1" 200 7244
INFO 2025-06-10 17:40:27,280 views 15352 4408 Usuario 'rafa' actualizó el libro 'error'.
INFO 2025-06-10 17:40:27,281 basehttp 15352 4408 "POST /libro/7/editar/ HTTP/1.1" 302 0
INFO 2025-06-10 17:40:27,291 views 15352 4408 Usuario no autenticado o no-admin viendo libros públicos.
INFO 2025-06-10 17:40:27,298 basehttp 15352 4408 "GET / HTTP/1.1" 200 9092
WARNING 2025-06-10 17:40:27,358 log 15352 14216 Not Found: /media/portadas/crime__y_castigo_aPXw1hP.jpg
WARNING 2025-06-10 17:40:27,365 log 15352 2384 Not Found: /media/portadas/como_funciona_RNN_-_P\xe1gina_1.png
WARNING 2025-06-10 17:40:27,374 basehttp 15352 14216 "GET /media/portadas/crime__y_castigo_aPXw1hP.jpg HTTP/1.1" 404 4201
WARNING 2025-06-10 17:40:27,375 basehttp 15352 2384 "GET /media/portadas/como_funciona_RNN_-_P%C3%A1gina_1.png HTTP/1.1" 404 4225
INFO 2025-06-10 17:40:27,378 basehttp 15352 4408 "GET /media/portadas/crime__y_castigo.jpg HTTP/1.1" 200 9119
INFO 2025-06-10 17:40:31,596 views 15352 4408 Mostrando detalle del libro 'error'.
INFO 2025-06-10 17:40:31,605 basehttp 15352 4408 "GET /libro/7/ HTTP/1.1" 200 4879
INFO 2025-06-10 17:40:31,642 basehttp 15352 4408 "GET /media/portadas/crime__y_castigo.jpg HTTP/1.1" 304 0
INFO 2025-06-10 17:40:37,757 views 15352 4408 Usuario no autenticado o no-admin viendo libros públicos.
INFO 2025-06-10 17:40:37,762 basehttp 15352 4408 "GET / HTTP/1.1" 200 9092
INFO 2025-06-10 17:40:37,788 basehttp 15352 2384 "GET /media/portadas/crime__y_castigo.jpg HTTP/1.1" 304 0
WARNING 2025-06-10 17:40:37,795 log 15352 14216 Not Found: /media/portadas/como_funciona_RNN_-_P\xe1gina_1.png
WARNING 2025-06-10 17:40:37,802 log 15352 4408 Not Found: /media/portadas/crime__y_castigo_aPXw1hP.jpg
WARNING 2025-06-10 17:40:37,804 basehttp 15352 14216 "GET /media/portadas/como_funciona_RNN_-_P%C3%A1gina_1.png HTTP/1.1" 404 4225
WARNING 2025-06-10 17:40:37,804 basehttp 15352 4408 "GET /media/portadas/crime__y_castigo_aPXw1hP.jpg HTTP/1.1" 404 4201
INFO 2025-06-10 17:40:50,392 views 15352 4408 Mostrando detalle del libro 'Crimen y Castigo'.
INFO 2025-06-10 17:40:50,401 basehttp 15352 4408 "GET /libro/5/ HTTP/1.1" 200 5214
WARNING 2025-06-10 17:40:50,444 log 15352 4408 Not Found: /media/portadas/crime__y_castigo_aPXw1hP.jpg
WARNING 2025-06-10 17:40:50,446 basehttp 15352 4408 "GET /media/portadas/crime__y_castigo_aPXw1hP.jpg HTTP/1.1" 404 4201
INFO 2025-06-10 17:40:51,682 basehttp 15352 4408 "GET /libro/5/editar/ HTTP/1.1" 200 7901
INFO 2025-06-10 17:40:59,400 views 15352 4408 Usuario 'rafa' actualizó el libro 'Crimen y Castigo'.
INFO 2025-06-10 17:40:59,401 basehttp 15352 4408 "POST /libro/5/editar/ HTTP/1.1" 302 0
INFO 2025-06-10 17:40:59,408 views 15352 4408 Usuario no autenticado o no-admin viendo libros públicos.
INFO 2025-06-10 17:40:59,416 basehttp 15352 4408 "GET / HTTP/1.1" 200 9094
INFO 2025-06-10 17:40:59,454 basehttp 15352 14216 "GET /media/portadas/crime__y_castigo.jpg HTTP/1.1" 304 0
WARNING 2025-06-10 17:40:59,464 log 15352 4408 Not Found: /media/portadas/como_funciona_RNN_-_P\xe1gina_1.png
WARNING 2025-06-10 17:40:59,466 basehttp 15352 4408 "GET /media/portadas/como_funciona_RNN_-_P%C3%A1gina_1.png HTTP/1.1" 404 4225
INFO 2025-06-10 17:41:02,447 views 15352 4408 Mostrando detalle del libro 'Crimen y Castigo'.
INFO 2025-06-10 17:41:02,454 basehttp 15352 4408 "GET /libro/5/ HTTP/1.1" 200 4955
INFO 2025-06-10 17:41:06,767 basehttp 15352 4408 "GET /libro/5/editar/ HTTP/1.1" 200 7359
INFO 2025-06-10 17:41:18,918 views 15352 4408 Usuario 'rafa' actualizó el libro 'Crimen y Castigo'.
INFO 2025-06-10 17:41:18,919 basehttp 15352 4408 "POST /libro/5/editar/ HTTP/1.1" 302 0
INFO 2025-06-10 17:41:18,928 views 15352 4408 Usuario no autenticado o no-admin viendo libros públicos.
INFO 2025-06-10 17:41:18,934 basehttp 15352 4408 "GET / HTTP/1.1" 200 9092
INFO 2025-06-10 17:41:18,970 basehttp 15352 14216 "GET /media/portadas/Fujo_de_trabajo.png HTTP/1.1" 304 0
INFO 2025-06-10 17:41:18,973 basehttp 15352 12044 "GET /media/portadas/crime__y_castigo.jpg HTTP/1.1" 304 0
WARNING 2025-06-10 17:41:18,987 log 15352 2384 Not Found: /media/portadas/como_funciona_RNN_-_P\xe1gina_1.png
WARNING 2025-06-10 17:41:18,989 basehttp 15352 2384 "GET /media/portadas/como_funciona_RNN_-_P%C3%A1gina_1.png HTTP/1.1" 404 4225
INFO 2025-06-10 17:41:18,998 basehttp 15352 4408 "GET /media/portadas/crime__y_castigo_TjjZYI5.jpg HTTP/1.1" 200 9119
INFO 2025-06-10 17:41:23,562 views 15352 4408 Mostrando detalle del libro 'Crimen y Castigo'.
INFO 2025-06-10 17:41:23,570 basehttp 15352 4408 "GET /libro/5/ HTTP/1.1" 200 5206
INFO 2025-06-10 17:41:23,604 basehttp 15352 4408 "GET /media/portadas/crime__y_castigo_TjjZYI5.jpg HTTP/1.1" 304 0
INFO 2025-06-10 17:41:29,863 basehttp 15352 4408 "GET /media/libros_pdf/Lautreamont_Conde_De_-_Los_Cantos_de_Maldoror.pdf HTTP/1.1" 200 938872
INFO 2025-06-10 17:41:43,388 views 15352 16500 Usuario no autenticado o no-admin viendo libros públicos.
INFO 2025-06-10 17:41:43,395 basehttp 15352 16500 "GET / HTTP/1.1" 200 9092
WARNING 2025-06-10 17:41:43,443 log 15352 7656 Not Found: /media/portadas/como_funciona_RNN_-_P\xe1gina_1.png
INFO 2025-06-10 17:41:43,445 basehttp 15352 16500 "GET /media/portadas/crime__y_castigo_TjjZYI5.jpg HTTP/1.1" 304 0
INFO 2025-06-10 17:41:43,446 basehttp 15352 16724 "GET /media/portadas/crime__y_castigo.jpg HTTP/1.1" 304 0
WARNING 2025-06-10 17:41:43,447 basehttp 15352 7656 "GET /media/portadas/como_funciona_RNN_-_P%C3%A1gina_1.png HTTP/1.1" 404 4225
WARNING 2025-06-10 17:43:15,119 log 15352 17228 Not Found: /media/portales
WARNING 2025-06-10 17:43:15,120 basehttp 15352 17228 "GET /media/portales HTTP/1.1" 404 4085
WARNING 2025-06-10 17:43:39,358 log 15352 4408 Not Found: /media/portales/crime__y_castigo_TjjZYI5.jpg
WARNING 2025-06-10 17:43:39,359 basehttp 15352 4408 "GET /media/portales/crime__y_castigo_TjjZYI5.jpg HTTP/1.1" 404 4201
INFO 2025-06-10 17:44:00,718 basehttp 15352 4408 "GET /media/portadas/crime__y_castigo_TjjZYI5.jpg HTTP/1.1" 200 9119
INFO 2025-06-10 17:44:50,768 autoreload 13944 11484 Watching for file changes with StatReloader
INFO 2025-06-10 17:44:53,218 views 13944 6916 Usuario no autenticado o no-admin viendo libros públicos.
INFO 2025-06-10 17:44:53,267 basehttp 13944 6916 "GET / HTTP/1.1" 200 9092
INFO 2025-06-10 17:44:53,369 basehttp 13944 15304 "GET /media/portadas/crime__y_castigo_TjjZYI5.jpg HTTP/1.1" 304 0
INFO 2025-06-10 17:44:53,373 basehttp 13944 6916 "GET /media/portadas/Fujo_de_trabajo.png HTTP/1.1" 304 0
INFO 2025-06-10 17:44:53,379 basehttp 13944 10276 "GET /media/portadas/crime__y_castigo.jpg HTTP/1.1" 304 0
WARNING 2025-06-10 17:44:53,380 log 13944 13452 Not Found: /media/portadas/como_funciona_RNN_-_P\xe1gina_1.png
WARNING 2025-06-10 17:44:53,381 basehttp 13944 13452 "GET /media/portadas/como_funciona_RNN_-_P%C3%A1gina_1.png HTTP/1.1" 404 4225
INFO 2025-06-10 17:45:01,762 views 13944 13452 Mostrando detalle del libro 'Crimen y Castigo'.
INFO 2025-06-10 17:45:01,784 basehttp 13944 13452 "GET /libro/5/ HTTP/1.1" 200 5206
INFO 2025-06-10 17:45:03,602 basehttp 13944 13452 "GET /media/libros_pdf/Lautreamont_Conde_De_-_Los_Cantos_de_Maldoror.pdf HTTP/1.1" 304 0
INFO 2025-06-10 17:45:07,512 views 13944 13452 Usuario no autenticado o no-admin viendo libros públicos.
INFO 2025-06-10 17:45:07,517 basehttp 13944 13452 "GET / HTTP/1.1" 200 9092
WARNING 2025-06-10 17:45:07,570 log 13944 13452 Not Found: /media/portadas/como_funciona_RNN_-_P\xe1gina_1.png
WARNING 2025-06-10 17:45:07,571 basehttp 13944 13452 "GET /media/portadas/como_funciona_RNN_-_P%C3%A1gina_1.png HTTP/1.1" 404 4225
INFO 2025-06-10 17:46:33,094 autoreload 13944 11484 C:\Users\rafco\Desktop\portal_libros_seguro\portal_libros_seguro_project\settings.py changed, reloading.
INFO 2025-06-10 17:46:34,078 autoreload 17332 12416 Watching for file changes with StatReloader
INFO 2025-06-10 17:46:38,660 autoreload 17332 12416 C:\Users\rafco\Desktop\portal_libros_seguro\portal_libros_seguro_project\settings.py changed, reloading.
INFO 2025-06-10 17:46:39,657 autoreload 6040 13736 Watching for file changes with StatReloader
INFO 2025-06-10 17:46:43,146 autoreload 6040 13736 C:\Users\rafco\Desktop\portal_libros_seguro\portal_libros_seguro_project\settings.py changed, reloading.
INFO 2025-06-10 17:46:44,453 autoreload 7960 16100 Watching for file changes with StatReloader
INFO 2025-06-10 17:46:47,917 views 7960 17184 Usuario no autenticado o no-admin viendo libros públicos.
INFO 2025-06-10 17:46:48,343 basehttp 7960 17184 "GET / HTTP/1.1" 200 3156
INFO 2025-06-10 17:46:48,369 basehttp 7960 17184 "GET /media/portadas/crime__y_castigo.jpg HTTP/1.1" 304 0
INFO 2025-06-10 17:46:50,674 views 7960 17184 Usuario no autenticado o no-admin viendo libros públicos.
INFO 2025-06-10 17:46:53,348 basehttp 7960 17184 "GET / HTTP/1.1" 200 3156
INFO 2025-06-10 17:47:05,176 views 7960 17184 Mostrando detalle del libro 'Crimen y Castigo'.
INFO 2025-06-10 17:47:05,834 basehttp 7960 17184 "GET /libro/1/ HTTP/1.1" 200 3823
INFO 2025-06-10 17:47:07,851 basehttp 7960 5140 "GET /media/libros_pdf/Lautreamont_Conde_De_-_Los_Cantos_de_Maldoror.pdf HTTP/1.1" 304 0
INFO 2025-06-10 17:47:14,707 views 7960 5140 Usuario no autenticado o no-admin viendo libros públicos.
INFO 2025-06-10 17:47:17,788 views 7960 15680 Usuario no autenticado o no-admin viendo libros públicos.
INFO 2025-06-10 17:47:18,396 basehttp 7960 5140 - Broken pipe from ('127.0.0.1', 57604)
INFO 2025-06-10 17:47:20,328 basehttp 7960 15680 "GET / HTTP/1.1" 200 3156
INFO 2025-06-10 17:47:24,418 basehttp 7960 15680 "GET /accounts/login/ HTTP/1.1" 200 3673
INFO 2025-06-10 17:47:34,853 basehttp 7960 15680 "POST /accounts/login/ HTTP/1.1" 200 3687
INFO 2025-06-10 17:47:49,784 basehttp 7960 15680 "POST /accounts/login/ HTTP/1.1" 200 3703
INFO 2025-06-10 17:47:58,663 basehttp 7960 15680 "POST /accounts/login/ HTTP/1.1" 200 3687
INFO 2025-06-10 17:48:11,037 basehttp 7960 15680 "POST /accounts/login/ HTTP/1.1" 200 3687
INFO 2025-06-10 17:48:55,531 basehttp 7960 9104 "POST /accounts/login/ HTTP/1.1" 302 0
WARNING 2025-06-10 17:48:55,554 log 7960 9104 Not Found: /accounts/profile/
WARNING 2025-06-10 17:48:55,555 basehttp 7960 9104 "GET /accounts/profile/ HTTP/1.1" 404 6654
INFO 2025-06-10 17:49:10,730 views 7960 9104 Usuario no autenticado o no-admin viendo libros públicos.
INFO 2025-06-10 17:49:11,132 basehttp 7960 9104 "GET / HTTP/1.1" 200 4212
INFO 2025-06-10 17:49:11,178 basehttp 7960 9104 "GET /media/portadas/crime__y_castigo.jpg HTTP/1.1" 304 0
INFO 2025-06-10 17:49:20,455 basehttp 7960 9104 "POST /accounts/logout/ HTTP/1.1" 302 0
INFO 2025-06-10 17:49:20,459 views 7960 9104 Usuario no autenticado o no-admin viendo libros públicos.
INFO 2025-06-10 17:49:22,012 basehttp 7960 9104 "GET / HTTP/1.1" 200 3156
INFO 2025-06-10 17:49:23,927 basehttp 7960 9104 "GET /accounts/register/ HTTP/1.1" 200 5165
INFO 2025-06-10 17:49:26,877 basehttp 7960 9104 "GET /accounts/login/ HTTP/1.1" 200 3673
INFO 2025-06-10 17:49:37,446 basehttp 7960 9104 "POST /accounts/login/ HTTP/1.1" 302 0
WARNING 2025-06-10 17:49:37,454 log 7960 9104 Not Found: /accounts/profile/
WARNING 2025-06-10 17:49:37,455 basehttp 7960 9104 "GET /accounts/profile/ HTTP/1.1" 404 6654
INFO 2025-06-10 17:49:53,929 views 7960 9104 Usuario no autenticado o no-admin viendo libros públicos.
INFO 2025-06-10 17:49:54,347 basehttp 7960 9104 "GET / HTTP/1.1" 200 4212
INFO 2025-06-10 17:50:00,059 basehttp 7960 9104 "GET /libro/crear/ HTTP/1.1" 200 7219
INFO 2025-06-10 17:50:46,043 views 7960 11968 Usuario 'rafcor' creó el libro 'La Peste'.
INFO 2025-06-10 17:50:46,044 basehttp 7960 11968 "POST /libro/crear/ HTTP/1.1" 302 0
INFO 2025-06-10 17:50:48,508 views 7960 11968 Usuario no autenticado o no-admin viendo libros públicos.
INFO 2025-06-10 17:50:49,033 basehttp 7960 11968 "GET / HTTP/1.1" 200 5013
INFO 2025-06-10 17:50:49,052 basehttp 7960 10292 "GET /media/portadas/crime__y_castigo.jpg HTTP/1.1" 304 0
INFO 2025-06-10 17:50:49,153 basehttp 7960 11968 "GET /media/portadas/camus.jpg HTTP/1.1" 200 152641
INFO 2025-06-10 17:50:52,564 views 7960 10000 Mostrando detalle del libro 'La Peste'.
INFO 2025-06-10 17:50:53,833 basehttp 7960 10000 "GET /libro/2/ HTTP/1.1" 200 5140
INFO 2025-06-10 17:50:53,869 basehttp 7960 10000 "GET /media/portadas/camus.jpg HTTP/1.1" 304 0
INFO 2025-06-10 17:50:55,437 basehttp 7960 10000 "GET /media/libros_pdf/Victor-Hugo-Viscarra-Borracho-estaba-pero-me-acuerdo.pdf HTTP/1.1" 200 957411
INFO 2025-06-10 17:51:14,051 views 7960 15772 Usuario 'rafcor' añadió un comentario al libro 'La Peste'.
INFO 2025-06-10 17:51:14,053 basehttp 7960 15772 "POST /libro/2/ HTTP/1.1" 302 0
INFO 2025-06-10 17:51:15,924 views 7960 15772 Mostrando detalle del libro 'La Peste'.
INFO 2025-06-10 17:51:19,593 basehttp 7960 15772 "GET /libro/2/ HTTP/1.1" 200 5403
INFO 2025-06-10 17:51:19,618 basehttp 7960 15772 "GET /media/portadas/camus.jpg HTTP/1.1" 304 0
INFO 2025-06-10 17:51:32,816 basehttp 7960 4836 "POST /accounts/logout/ HTTP/1.1" 302 0
INFO 2025-06-10 17:51:32,826 views 7960 4836 Usuario no autenticado o no-admin viendo libros públicos.
INFO 2025-06-10 17:51:35,070 basehttp 7960 4836 "GET / HTTP/1.1" 200 3957
INFO 2025-06-10 17:51:35,106 basehttp 7960 4836 "GET /media/portadas/camus.jpg HTTP/1.1" 304 0
INFO 2025-06-10 17:51:36,083 basehttp 7960 4836 "GET /accounts/register/ HTTP/1.1" 200 5165
INFO 2025-06-10 17:51:53,299 views 7960 4836 Nuevo usuario registrado y logueado: 'otro'.
INFO 2025-06-10 17:51:53,894 basehttp 7960 4836 "POST /accounts/register/ HTTP/1.1" 302 0
INFO 2025-06-10 17:51:56,604 views 7960 4836 Usuario no autenticado o no-admin viendo libros públicos.
INFO 2025-06-10 17:51:57,122 basehttp 7960 4836 "GET / HTTP/1.1" 200 5011
INFO 2025-06-10 17:51:57,156 basehttp 7960 10428 "GET /media/portadas/camus.jpg HTTP/1.1" 304 0
INFO 2025-06-10 17:51:57,157 basehttp 7960 4836 "GET /media/portadas/crime__y_castigo.jpg HTTP/1.1" 304 0
INFO 2025-06-10 17:52:04,138 basehttp 7960 4836 "POST /accounts/logout/ HTTP/1.1" 302 0
INFO 2025-06-10 17:52:04,146 views 7960 4836 Usuario no autenticado o no-admin viendo libros públicos.
INFO 2025-06-10 17:52:05,579 basehttp 7960 4836 "GET / HTTP/1.1" 200 3957
INFO 2025-06-10 17:52:05,613 basehttp 7960 4836 "GET /media/portadas/camus.jpg HTTP/1.1" 304 0
INFO 2025-06-10 17:52:08,208 basehttp 7960 4836 "GET /accounts/login/ HTTP/1.1" 200 3673
INFO 2025-06-10 17:52:18,743 basehttp 7960 4836 "POST /accounts/login/ HTTP/1.1" 302 0
WARNING 2025-06-10 17:52:18,766 log 7960 4836 Not Found: /accounts/profile/
WARNING 2025-06-10 17:52:18,767 basehttp 7960 4836 "GET /accounts/profile/ HTTP/1.1" 404 6654
INFO 2025-06-10 17:54:33,296 autoreload 7960 16100 C:\Users\rafco\Desktop\portal_libros_seguro\portal_libros_seguro_project\settings.py changed, reloading.
INFO 2025-06-10 17:54:34,607 autoreload 10820 10216 Watching for file changes with StatReloader
INFO 2025-06-10 17:54:47,764 views 10820 6748 Usuario no autenticado o no-admin viendo libros públicos.
INFO 2025-06-10 17:54:48,203 basehttp 10820 6748 "GET / HTTP/1.1" 200 5011
INFO 2025-06-10 17:54:48,262 basehttp 10820 6748 "GET /media/portadas/crime__y_castigo.jpg HTTP/1.1" 304 0
INFO 2025-06-10 17:54:48,262 basehttp 10820 15224 "GET /media/portadas/camus.jpg HTTP/1.1" 304 0
INFO 2025-06-10 17:54:56,095 basehttp 10820 15956 "POST /accounts/logout/ HTTP/1.1" 302 0
INFO 2025-06-10 17:54:56,105 views 10820 15956 Usuario no autenticado o no-admin viendo libros públicos.
INFO 2025-06-10 17:54:58,061 basehttp 10820 15956 "GET / HTTP/1.1" 200 3957
INFO 2025-06-10 17:54:59,936 basehttp 10820 15956 "GET /accounts/login/ HTTP/1.1" 200 3673
INFO 2025-06-10 17:55:08,170 basehttp 10820 10524 "POST /accounts/login/ HTTP/1.1" 302 0
WARNING 2025-06-10 17:55:08,193 log 10820 10524 Not Found: /accounts/profile/
WARNING 2025-06-10 17:55:08,194 basehttp 10820 10524 "GET /accounts/profile/ HTTP/1.1" 404 6654
INFO 2025-06-10 17:55:25,364 autoreload 13636 8436 Watching for file changes with StatReloader
INFO 2025-06-10 17:55:36,721 views 13636 13388 Usuario no autenticado o no-admin viendo libros públicos.
INFO 2025-06-10 17:55:37,214 basehttp 13636 13388 "GET / HTTP/1.1" 200 5011
INFO 2025-06-10 17:55:37,268 basehttp 13636 13388 "GET /media/portadas/camus.jpg HTTP/1.1" 304 0
INFO 2025-06-10 17:55:42,617 basehttp 13636 13388 "POST /accounts/logout/ HTTP/1.1" 302 0
INFO 2025-06-10 17:55:42,623 views 13636 13388 Usuario no autenticado o no-admin viendo libros públicos.
INFO 2025-06-10 17:55:44,560 basehttp 13636 13388 "GET / HTTP/1.1" 200 3957
INFO 2025-06-10 17:55:56,875 basehttp 13636 13388 "GET /accounts/login/ HTTP/1.1" 200 3673
INFO 2025-06-10 17:56:10,805 basehttp 13636 13796 "POST /accounts/login/ HTTP/1.1" 302 0
WARNING 2025-06-10 17:56:10,836 log 13636 13796 Not Found: /accounts/profile/
WARNING 2025-06-10 17:56:10,839 basehttp 13636 13796 "GET /accounts/profile/ HTTP/1.1" 404 6654
INFO 2025-06-10 17:57:31,017 autoreload 13636 8436 C:\Users\rafco\Desktop\portal_libros_seguro\portal_libros_seguro_project\settings.py changed, reloading.
INFO 2025-06-10 17:57:32,032 autoreload 6656 5904 Watching for file changes with StatReloader
INFO 2025-06-10 17:57:33,509 autoreload 6656 5904 C:\Users\rafco\Desktop\portal_libros_seguro\portal_libros_seguro_project\settings.py changed, reloading.
INFO 2025-06-10 17:57:34,565 autoreload 16512 15868 Watching for file changes with StatReloader
INFO 2025-06-10 17:57:43,645 views 16512 9624 Usuario no autenticado o no-admin viendo libros públicos.
INFO 2025-06-10 17:57:44,085 basehttp 16512 9624 "GET / HTTP/1.1" 200 5013
INFO 2025-06-10 17:57:44,140 basehttp 16512 9624 "GET /media/portadas/crime__y_castigo.jpg HTTP/1.1" 304 0
INFO 2025-06-10 17:57:44,141 basehttp 16512 6012 "GET /media/portadas/camus.jpg HTTP/1.1" 304 0
INFO 2025-06-10 17:57:48,569 basehttp 16512 6012 "POST /accounts/logout/ HTTP/1.1" 302 0
INFO 2025-06-10 17:57:48,574 views 16512 6012 Usuario no autenticado o no-admin viendo libros públicos.
INFO 2025-06-10 17:57:50,451 basehttp 16512 6012 "GET / HTTP/1.1" 200 3957
WARNING 2025-06-10 17:57:51,992 log 16512 6012 Not Found: /home
WARNING 2025-06-10 17:57:51,994 basehttp 16512 6012 "GET /home HTTP/1.1" 404 4504
INFO 2025-06-10 17:57:56,847 basehttp 16512 6012 "GET /accounts/login/ HTTP/1.1" 200 3673
INFO 2025-06-10 17:58:06,115 basehttp 16512 6012 "POST /accounts/login/ HTTP/1.1" 302 0
WARNING 2025-06-10 17:58:06,127 log 16512 6012 Not Found: /accounts/profile/
WARNING 2025-06-10 17:58:06,128 basehttp 16512 6012 "GET /accounts/profile/ HTTP/1.1" 404 6654
INFO 2025-06-10 17:58:26,648 autoreload 16512 15868 C:\Users\rafco\Desktop\portal_libros_seguro\portal_libros_seguro_project\settings.py changed, reloading.
INFO 2025-06-10 17:58:27,856 autoreload 2612 14580 Watching for file changes with StatReloader
INFO 2025-06-10 17:58:29,319 autoreload 2612 14580 C:\Users\rafco\Desktop\portal_libros_seguro\portal_libros_seguro_project\settings.py changed, reloading.
INFO 2025-06-10 17:58:30,216 autoreload 1980 3724 Watching for file changes with StatReloader
INFO 2025-06-10 18:01:59,391 basehttp 1980 16640 "GET /accounts/login/ HTTP/1.1" 200 3673
INFO 2025-06-10 18:03:01,102 views 1980 5336 Usuario no autenticado o no-admin viendo libros públicos.
INFO 2025-06-10 18:03:01,832 basehttp 1980 5336 "GET / HTTP/1.1" 200 5013
INFO 2025-06-10 18:03:01,891 basehttp 1980 5336 "GET /media/portadas/crime__y_castigo.jpg HTTP/1.1" 304 0
INFO 2025-06-10 18:03:01,891 basehttp 1980 4100 "GET /media/portadas/camus.jpg HTTP/1.1" 304 0
INFO 2025-06-10 18:05:52,067 basehttp 1980 12388 "GET /accounts/login/ HTTP/1.1" 200 3767
INFO 2025-06-10 18:05:53,183 basehttp 1980 12388 "GET /accounts/login/ HTTP/1.1" 200 3767
INFO 2025-06-10 18:05:53,585 basehttp 1980 12388 "GET /accounts/login/ HTTP/1.1" 200 3767
INFO 2025-06-10 18:05:53,646 basehttp 1980 12388 "GET /accounts/login/ HTTP/1.1" 200 3767
INFO 2025-06-10 18:05:54,045 basehttp 1980 12388 "GET /accounts/login/ HTTP/1.1" 200 3767
INFO 2025-06-10 18:06:02,564 basehttp 1980 12388 "POST /accounts/login/ HTTP/1.1" 302 0
INFO 2025-06-10 18:06:03,967 views 1980 12388 Usuario no autenticado o no-admin viendo libros públicos.
INFO 2025-06-10 18:06:04,355 basehttp 1980 12388 "GET / HTTP/1.1" 200 5011
INFO 2025-06-10 18:06:04,511 basehttp 1980 8172 "GET /media/portadas/camus.jpg HTTP/1.1" 200 152641
INFO 2025-06-10 18:06:04,513 basehttp 1980 12388 "GET /media/portadas/crime__y_castigo.jpg HTTP/1.1" 200 9119
INFO 2025-06-10 22:47:42,806 autoreload 11884 12544 Watching for file changes with StatReloader
INFO 2025-06-10 22:47:48,983 views 11884 9560 Usuario no autenticado o no-admin viendo libros públicos.
INFO 2025-06-10 22:47:51,264 basehttp 11884 9560 "GET / HTTP/1.1" 200 3957
INFO 2025-06-10 22:47:51,474 basehttp 11884 9560 "GET /media/portadas/crime__y_castigo.jpg HTTP/1.1" 200 9119
INFO 2025-06-10 22:47:51,477 basehttp 11884 2720 "GET /media/portadas/camus.jpg HTTP/1.1" 200 152641
WARNING 2025-06-10 22:47:52,998 log 11884 8260 Not Found: /favicon.ico
WARNING 2025-06-10 22:47:52,999 basehttp 11884 8260 "GET /favicon.ico HTTP/1.1" 404 4525
INFO 2025-06-10 22:49:50,267 views 11884 15332 Usuario no autenticado o no-admin viendo libros públicos.
INFO 2025-06-10 22:49:52,722 basehttp 11884 15332 "GET / HTTP/1.1" 200 3957
INFO 2025-06-10 22:49:54,477 basehttp 11884 4112 "GET /accounts/login/ HTTP/1.1" 200 3767
INFO 2025-06-10 22:50:04,434 basehttp 11884 4112 "POST /accounts/login/ HTTP/1.1" 200 3782
INFO 2025-06-10 22:50:53,031 basehttp 11884 3360 "POST /accounts/login/ HTTP/1.1" 302 0
INFO 2025-06-10 22:50:54,569 views 11884 3360 Usuario no autenticado o no-admin viendo libros públicos.
INFO 2025-06-10 22:50:55,031 basehttp 11884 3360 "GET / HTTP/1.1" 200 5013
INFO 2025-06-10 22:50:58,122 views 11884 3360 Mostrando detalle del libro 'La Peste'.
INFO 2025-06-10 22:50:59,621 basehttp 11884 3360 "GET /libro/2/ HTTP/1.1" 200 5403
INFO 2025-06-10 22:51:01,401 basehttp 11884 3360 "GET /media/libros_pdf/Victor-Hugo-Viscarra-Borracho-estaba-pero-me-acuerdo.pdf HTTP/1.1" 200 957411
INFO 2025-06-10 22:51:07,203 basehttp 11884 11520 "GET /libro/crear/ HTTP/1.1" 200 7219
INFO 2025-06-10 22:55:38,915 views 11884 8124 Usuario 'rafcor' creó el libro 'La Náusea'.
INFO 2025-06-10 22:55:38,917 basehttp 11884 8124 "POST /libro/crear/ HTTP/1.1" 302 0
INFO 2025-06-10 22:55:40,380 views 11884 8124 Usuario no autenticado o no-admin viendo libros públicos.
INFO 2025-06-10 22:55:40,770 basehttp 11884 8124 "GET / HTTP/1.1" 200 5830
INFO 2025-06-10 22:55:40,822 basehttp 11884 8124 "GET /media/portadas/nausea.jpg HTTP/1.1" 200 7124
INFO 2025-06-10 22:55:45,592 views 11884 8124 Mostrando detalle del libro 'La Náusea'.
INFO 2025-06-10 22:55:47,259 basehttp 11884 8124 "GET /libro/3/ HTTP/1.1" 200 5174
INFO 2025-06-10 22:55:47,286 basehttp 11884 8124 "GET /media/portadas/nausea.jpg HTTP/1.1" 304 0
INFO 2025-06-10 22:55:48,628 basehttp 11884 8124 "GET /media/libros_pdf/Lautreamont_Conde_De_-_Los_Cantos_de_Maldoror_f3UEnnH.pdf HTTP/1.1" 200 938872
INFO 2025-06-10 22:55:54,781 views 11884 8124 Usuario no autenticado o no-admin viendo libros públicos.
INFO 2025-06-10 22:55:55,418 basehttp 11884 8124 "GET / HTTP/1.1" 200 5830
INFO 2025-06-10 22:55:55,447 basehttp 11884 8124 "GET /media/portadas/nausea.jpg HTTP/1.1" 304 0
INFO 2025-06-10 22:55:58,854 views 11884 8124 Mostrando detalle del libro 'Crimen y Castigo'.
INFO 2025-06-10 22:56:00,493 basehttp 11884 8124 "GET /libro/1/ HTTP/1.1" 200 5456
INFO 2025-06-10 22:57:32,953 views 11884 8124 Usuario no autenticado o no-admin viendo libros públicos.
INFO 2025-06-10 22:57:33,381 basehttp 11884 8124 "GET / HTTP/1.1" 200 5830
INFO 2025-06-10 22:57:33,402 basehttp 11884 8124 "GET /media/portadas/nausea.jpg HTTP/1.1" 304 0
INFO 2025-06-10 22:57:37,086 views 11884 8124 Mostrando detalle del libro 'La Náusea'.
INFO 2025-06-10 22:57:38,121 basehttp 11884 8124 "GET /libro/3/ HTTP/1.1" 200 5174
INFO 2025-06-10 22:57:48,039 views 11884 8124 Usuario 'rafcor' añadió un comentario al libro 'La Náusea'.
INFO 2025-06-10 22:57:48,040 basehttp 11884 8124 "POST /libro/3/ HTTP/1.1" 302 0
INFO 2025-06-10 22:57:49,530 views 11884 8124 Mostrando detalle del libro 'La Náusea'.
INFO 2025-06-10 22:57:51,154 basehttp 11884 8124 "GET /libro/3/ HTTP/1.1" 200 5430
INFO 2025-06-10 22:57:51,173 basehttp 11884 8124 "GET /media/portadas/nausea.jpg HTTP/1.1" 304 0
INFO 2025-06-10 22:58:22,479 views 11884 11324 Mostrando detalle del libro 'La Náusea'.
INFO 2025-06-10 22:58:23,732 basehttp 11884 11324 "GET /libro/3/ HTTP/1.1" 200 5430
INFO 2025-06-10 22:58:23,792 basehttp 11884 11324 "GET /media/portadas/nausea.jpg HTTP/1.1" 200 7124
WARNING 2025-06-10 22:58:23,913 log 11884 11324 Not Found: /favicon.ico
WARNING 2025-06-10 22:58:23,916 basehttp 11884 11324 "GET /favicon.ico HTTP/1.1" 404 4525
